name,价格,链接
Tikduck Flying Orb Ball 2025 玩具飞翔悬停回旋镖旋转手控迷你无人机宇宙地球仪旋转儿童成人户外生日礼物酷东西适合男孩女孩 6 7 8 9 10 岁以上,US$25.60,https://www.amazon.com#
"幼儿篮球框和 T 球套装 – 可调节高度,儿童便携式篮球框适用于室内室外玩耍,T 恤球套装适合 3-5 岁儿童,男孩女孩生日运动玩具",US$30.99,https://www.amazon.com#
6 只装足球基督教慈善捐赠用品未充气足球散装带泵官方尺寸 Samaritan's 钱包操作圣诞球,US$42.99,https://www.amazon.com#
"足球尺寸 5,中性训练足球带泵,生日礼物足球",US$25.99,https://www.amazon.com#
"普拉提球 - 9 英寸(约 22.9 厘米)小型锻炼和瑜伽球,适合核心锻炼",US$6.99,https://www.amazon.com/-/zh/dp/B0995PHNMJ/ref=sr_1_5?crid=IMVRWSKSO8X5&dib=eyJ2IjoiMSJ9.PcqnabT910db08qFrKj2JCNnBq0rtDjkZkfdbzzxgmBwqTArcjRXxmQsmFh9adlKOuYRm2lJdhGt-7exZzjqO5IY3mfO9ekVfiwPz_QYotuFsv3LdTUuNX5E89Nf4TNX9ldq3hF8nuJfw8k-xxy2kFbF_KXfS0I1b5flJu3vVsEKxgxsHkuaZvrJ7BYqXS1lG-SEE0IyrcO0Mvh_bfI2OAjRtlNyQOssIo3ZzhiAEWxiCr1VKxn3kYOL6sFeGDnKGRQ6NJEuFK3MmyvTzCSBEJhs2HQVcCPDzY6EfYYJenY.jTzke1XDuKoBSJ0wHWC7hC0OupfAEPg1JY_LgfItJ8U&dib_tag=se&keywords=ball&qid=1743590313&sprefix=%2Caps%2C290&sr=8-5&xpid=LRsdSWdNkSPye#customerReviews
"Champion Sports 10 英寸游乐场球,红色",US$10.73,https://www.amazon.com/-/zh/dp/B0017DC426/ref=sr_1_6?crid=IMVRWSKSO8X5&dib=eyJ2IjoiMSJ9.PcqnabT910db08qFrKj2JCNnBq0rtDjkZkfdbzzxgmBwqTArcjRXxmQsmFh9adlKOuYRm2lJdhGt-7exZzjqO5IY3mfO9ekVfiwPz_QYotuFsv3LdTUuNX5E89Nf4TNX9ldq3hF8nuJfw8k-xxy2kFbF_KXfS0I1b5flJu3vVsEKxgxsHkuaZvrJ7BYqXS1lG-SEE0IyrcO0Mvh_bfI2OAjRtlNyQOssIo3ZzhiAEWxiCr1VKxn3kYOL6sFeGDnKGRQ6NJEuFK3MmyvTzCSBEJhs2HQVcCPDzY6EfYYJenY.jTzke1XDuKoBSJ0wHWC7hC0OupfAEPg1JY_LgfItJ8U&dib_tag=se&keywords=ball&qid=1743590313&sprefix=%2Caps%2C290&sr=8-6&xpid=LRsdSWdNkSPye#customerReviews
Waboba The Original Moon Ball - 超级弹力球 - 所有年龄段的极端弹跳和乐趣 - 非常适合积极玩耍和户外游戏,US$10.99,https://www.amazon.com/-/zh/dp/B07YV7B888/ref=sr_1_7?crid=IMVRWSKSO8X5&dib=eyJ2IjoiMSJ9.PcqnabT910db08qFrKj2JCNnBq0rtDjkZkfdbzzxgmBwqTArcjRXxmQsmFh9adlKOuYRm2lJdhGt-7exZzjqO5IY3mfO9ekVfiwPz_QYotuFsv3LdTUuNX5E89Nf4TNX9ldq3hF8nuJfw8k-xxy2kFbF_KXfS0I1b5flJu3vVsEKxgxsHkuaZvrJ7BYqXS1lG-SEE0IyrcO0Mvh_bfI2OAjRtlNyQOssIo3ZzhiAEWxiCr1VKxn3kYOL6sFeGDnKGRQ6NJEuFK3MmyvTzCSBEJhs2HQVcCPDzY6EfYYJenY.jTzke1XDuKoBSJ0wHWC7hC0OupfAEPg1JY_LgfItJ8U&dib_tag=se&keywords=ball&qid=1743590313&sprefix=%2Caps%2C290&sr=8-7&xpid=LRsdSWdNkSPye#customerReviews
"JOYIN 4 件装 20 英寸(约 50.8 厘米)沙滩球 - 大型彩虹沙滩球充气泳池玩具用于派对用品装饰,成人儿童生日夏威夷海滩水上游戏沙滩派对礼品",US$8.99,https://www.amazon.com/-/zh/dp/B0BKTLGZN1/ref=sr_1_8?crid=IMVRWSKSO8X5&dib=eyJ2IjoiMSJ9.PcqnabT910db08qFrKj2JCNnBq0rtDjkZkfdbzzxgmBwqTArcjRXxmQsmFh9adlKOuYRm2lJdhGt-7exZzjqO5IY3mfO9ekVfiwPz_QYotuFsv3LdTUuNX5E89Nf4TNX9ldq3hF8nuJfw8k-xxy2kFbF_KXfS0I1b5flJu3vVsEKxgxsHkuaZvrJ7BYqXS1lG-SEE0IyrcO0Mvh_bfI2OAjRtlNyQOssIo3ZzhiAEWxiCr1VKxn3kYOL6sFeGDnKGRQ6NJEuFK3MmyvTzCSBEJhs2HQVcCPDzY6EfYYJenY.jTzke1XDuKoBSJ0wHWC7hC0OupfAEPg1JY_LgfItJ8U&dib_tag=se&keywords=ball&qid=1743590313&sprefix=%2Caps%2C290&sr=8-8&xpid=LRsdSWdNkSPye#customerReviews
"4 件装橡胶迷你篮球 7 英寸(约 17.8 厘米)尺寸 3 带泵,儿童小号篮球套装适用于篮球框泳池派对游戏室内户外玩耍运动玩具弹跳球,适合幼儿,3-5 5-7 礼物",US$17.99,https://www.amazon.com#
"Toss and Catch 球套装 4 件装,适合幼儿、儿童和成人 - 经典儿童玩具户外室内 - 坚固防水,非常适合海滩、游泳池和后院 - 男孩女孩的理想礼物(蓝绿色)",US$26.99,https://www.amazon.com#
"儿童软质运动球套装,各种尺寸的足球、篮球、足球、网球、排球带手泵",US$11.68,https://www.amazon.com#
Crestgolf 彩色课堂练习高尔夫球 6 个装,US$12.99,https://www.amazon.com#
"小型健身球,9 英寸(约 22.9 厘米)迷你普拉提球,防爆防滑迷你瑜伽球,稳定、健身、物理治疗、拉伸和核心力量锻炼",US$7.99,https://www.amazon.com/-/zh/dp/B0D16Y8CZ5/ref=sr_1_13?crid=IMVRWSKSO8X5&dib=eyJ2IjoiMSJ9.PcqnabT910db08qFrKj2JCNnBq0rtDjkZkfdbzzxgmBwqTArcjRXxmQsmFh9adlKOuYRm2lJdhGt-7exZzjqO5IY3mfO9ekVfiwPz_QYotuFsv3LdTUuNX5E89Nf4TNX9ldq3hF8nuJfw8k-xxy2kFbF_KXfS0I1b5flJu3vVsEKxgxsHkuaZvrJ7BYqXS1lG-SEE0IyrcO0Mvh_bfI2OAjRtlNyQOssIo3ZzhiAEWxiCr1VKxn3kYOL6sFeGDnKGRQ6NJEuFK3MmyvTzCSBEJhs2HQVcCPDzY6EfYYJenY.jTzke1XDuKoBSJ0wHWC7hC0OupfAEPg1JY_LgfItJ8U&dib_tag=se&keywords=ball&qid=1743590313&sprefix=%2Caps%2C290&sr=8-13&xpid=LRsdSWdNkSPye#customerReviews
"Rhode Island Novelty 7 英寸(约 17.8 厘米)旋钮球,多种颜色,5 件装",US$6.99,https://www.amazon.com/-/zh/dp/B00AYLLFWC/ref=sr_1_14?crid=IMVRWSKSO8X5&dib=eyJ2IjoiMSJ9.PcqnabT910db08qFrKj2JCNnBq0rtDjkZkfdbzzxgmBwqTArcjRXxmQsmFh9adlKOuYRm2lJdhGt-7exZzjqO5IY3mfO9ekVfiwPz_QYotuFsv3LdTUuNX5E89Nf4TNX9ldq3hF8nuJfw8k-xxy2kFbF_KXfS0I1b5flJu3vVsEKxgxsHkuaZvrJ7BYqXS1lG-SEE0IyrcO0Mvh_bfI2OAjRtlNyQOssIo3ZzhiAEWxiCr1VKxn3kYOL6sFeGDnKGRQ6NJEuFK3MmyvTzCSBEJhs2HQVcCPDzY6EfYYJenY.jTzke1XDuKoBSJ0wHWC7hC0OupfAEPg1JY_LgfItJ8U&dib_tag=se&keywords=ball&qid=1743590313&sprefix=%2Caps%2C290&sr=8-14&xpid=LRsdSWdNkSPye#customerReviews
"Chuckit!狗狗用超级发声球,漂浮水宠物玩具,耐用橡胶宠物玩具,狗狗弹跳拾取球,2 个装,中号(2.5 英寸)",US$11.95,https://www.amazon.com/-/zh/dp/B01DSOVB70/ref=sr_1_15?crid=IMVRWSKSO8X5&dib=eyJ2IjoiMSJ9.PcqnabT910db08qFrKj2JCNnBq0rtDjkZkfdbzzxgmBwqTArcjRXxmQsmFh9adlKOuYRm2lJdhGt-7exZzjqO5IY3mfO9ekVfiwPz_QYotuFsv3LdTUuNX5E89Nf4TNX9ldq3hF8nuJfw8k-xxy2kFbF_KXfS0I1b5flJu3vVsEKxgxsHkuaZvrJ7BYqXS1lG-SEE0IyrcO0Mvh_bfI2OAjRtlNyQOssIo3ZzhiAEWxiCr1VKxn3kYOL6sFeGDnKGRQ6NJEuFK3MmyvTzCSBEJhs2HQVcCPDzY6EfYYJenY.jTzke1XDuKoBSJ0wHWC7hC0OupfAEPg1JY_LgfItJ8U&dib_tag=se&keywords=ball&qid=1743590313&sprefix=%2Caps%2C290&sr=8-15&xpid=LRsdSWdNkSPye#customerReviews
,0,
"球池,不含邻苯二甲酸盐,不含 BPA 的抗压塑料 - 7 种鲜艳色彩可重复使用的玩具,适合儿童使用储物袋",US$24.99,https://www.amazon.com/-/zh/dp/B08BZRFK41/ref=sr_1_17?crid=IMVRWSKSO8X5&dib=eyJ2IjoiMSJ9.PcqnabT910db08qFrKj2JCNnBq0rtDjkZkfdbzzxgmBwqTArcjRXxmQsmFh9adlKOuYRm2lJdhGt-7exZzjqO5IY3mfO9ekVfiwPz_QYotuFsv3LdTUuNX5E89Nf4TNX9ldq3hF8nuJfw8k-xxy2kFbF_KXfS0I1b5flJu3vVsEKxgxsHkuaZvrJ7BYqXS1lG-SEE0IyrcO0Mvh_bfI2OAjRtlNyQOssIo3ZzhiAEWxiCr1VKxn3kYOL6sFeGDnKGRQ6NJEuFK3MmyvTzCSBEJhs2HQVcCPDzY6EfYYJenY.jTzke1XDuKoBSJ0wHWC7hC0OupfAEPg1JY_LgfItJ8U&dib_tag=se&keywords=ball&qid=1743590313&sprefix=%2Caps%2C290&sr=8-17&xpid=LRsdSWdNkSPye#customerReviews
,0,
Franklin 运动泡沫足球 – 非常适合练习和后院玩耍 – 适合第一次玩耍和小型儿童 – 6.5 英寸(约 16.5 厘米),US$13.56,https://www.amazon.com/-/zh/dp/B07XMMMTK5/ref=sr_1_19?crid=IMVRWSKSO8X5&dib=eyJ2IjoiMSJ9.PcqnabT910db08qFrKj2JCNnBq0rtDjkZkfdbzzxgmBwqTArcjRXxmQsmFh9adlKOuYRm2lJdhGt-7exZzjqO5IY3mfO9ekVfiwPz_QYotuFsv3LdTUuNX5E89Nf4TNX9ldq3hF8nuJfw8k-xxy2kFbF_KXfS0I1b5flJu3vVsEKxgxsHkuaZvrJ7BYqXS1lG-SEE0IyrcO0Mvh_bfI2OAjRtlNyQOssIo3ZzhiAEWxiCr1VKxn3kYOL6sFeGDnKGRQ6NJEuFK3MmyvTzCSBEJhs2HQVcCPDzY6EfYYJenY.jTzke1XDuKoBSJ0wHWC7hC0OupfAEPg1JY_LgfItJ8U&dib_tag=se&keywords=ball&qid=1743590313&sprefix=%2Caps%2C290&sr=8-19&xpid=LRsdSWdNkSPye#customerReviews
"Chuckit!夜光弹力球 - 狗狗球,Chuckit 狗狗玩具,最大发光球 - 中号,2.5 英寸 2 件装",US$14.99,https://www.amazon.com/-/zh/dp/B0171NK6TI/ref=sr_1_20?crid=IMVRWSKSO8X5&dib=eyJ2IjoiMSJ9.PcqnabT910db08qFrKj2JCNnBq0rtDjkZkfdbzzxgmBwqTArcjRXxmQsmFh9adlKOuYRm2lJdhGt-7exZzjqO5IY3mfO9ekVfiwPz_QYotuFsv3LdTUuNX5E89Nf4TNX9ldq3hF8nuJfw8k-xxy2kFbF_KXfS0I1b5flJu3vVsEKxgxsHkuaZvrJ7BYqXS1lG-SEE0IyrcO0Mvh_bfI2OAjRtlNyQOssIo3ZzhiAEWxiCr1VKxn3kYOL6sFeGDnKGRQ6NJEuFK3MmyvTzCSBEJhs2HQVcCPDzY6EfYYJenY.jTzke1XDuKoBSJ0wHWC7hC0OupfAEPg1JY_LgfItJ8U&dib_tag=se&keywords=ball&qid=1743590313&sprefix=%2Caps%2C290&sr=8-20&xpid=LRsdSWdNkSPye#customerReviews
,0,
Dog Balls 网球玩具 狗狗玩具 适合霸气咀嚼 耐用磨牙玩具 水玩具 拾取球 适用于大型中型小型狗和小狗(4 个球),US$21.99,https://www.amazon.com/-/zh/dp/B0BL2HSP6R/ref=sr_1_22?crid=IMVRWSKSO8X5&dib=eyJ2IjoiMSJ9.PcqnabT910db08qFrKj2JCNnBq0rtDjkZkfdbzzxgmBwqTArcjRXxmQsmFh9adlKOuYRm2lJdhGt-7exZzjqO5IY3mfO9ekVfiwPz_QYotuFsv3LdTUuNX5E89Nf4TNX9ldq3hF8nuJfw8k-xxy2kFbF_KXfS0I1b5flJu3vVsEKxgxsHkuaZvrJ7BYqXS1lG-SEE0IyrcO0Mvh_bfI2OAjRtlNyQOssIo3ZzhiAEWxiCr1VKxn3kYOL6sFeGDnKGRQ6NJEuFK3MmyvTzCSBEJhs2HQVcCPDzY6EfYYJenY.jTzke1XDuKoBSJ0wHWC7hC0OupfAEPg1JY_LgfItJ8U&dib_tag=se&keywords=ball&qid=1743590313&sprefix=%2Caps%2C290&sr=8-22&xpid=LRsdSWdNkSPye#customerReviews
"APEXUP 瑜伽球健身球,普拉提球,防滑稳定球,重型健身球,适合健身、平衡、核心锻炼、物理治疗",US$19.99,https://www.amazon.com/-/zh/dp/B0CW14NRQQ/ref=sr_1_23?crid=IMVRWSKSO8X5&dib=eyJ2IjoiMSJ9.PcqnabT910db08qFrKj2JCNnBq0rtDjkZkfdbzzxgmBwqTArcjRXxmQsmFh9adlKOuYRm2lJdhGt-7exZzjqO5IY3mfO9ekVfiwPz_QYotuFsv3LdTUuNX5E89Nf4TNX9ldq3hF8nuJfw8k-xxy2kFbF_KXfS0I1b5flJu3vVsEKxgxsHkuaZvrJ7BYqXS1lG-SEE0IyrcO0Mvh_bfI2OAjRtlNyQOssIo3ZzhiAEWxiCr1VKxn3kYOL6sFeGDnKGRQ6NJEuFK3MmyvTzCSBEJhs2HQVcCPDzY6EfYYJenY.jTzke1XDuKoBSJ0wHWC7hC0OupfAEPg1JY_LgfItJ8U&dib_tag=se&keywords=ball&qid=1743590313&sprefix=%2Caps%2C290&sr=8-23&xpid=LRsdSWdNkSPye#customerReviews
"Franklin Sports X-40 户外匹克球 - 美国官方匹克球,APP 巡回赛 + 匹克球美国公开赛 - 3 包,12 包,36 个匹克球桶,50,100 + 400 个散装包装",US$209.99,https://www.amazon.com/-/zh/dp/B074PD873C/ref=sr_1_24?crid=IMVRWSKSO8X5&dib=eyJ2IjoiMSJ9.PcqnabT910db08qFrKj2JCNnBq0rtDjkZkfdbzzxgmBwqTArcjRXxmQsmFh9adlKOuYRm2lJdhGt-7exZzjqO5IY3mfO9ekVfiwPz_QYotuFsv3LdTUuNX5E89Nf4TNX9ldq3hF8nuJfw8k-xxy2kFbF_KXfS0I1b5flJu3vVsEKxgxsHkuaZvrJ7BYqXS1lG-SEE0IyrcO0Mvh_bfI2OAjRtlNyQOssIo3ZzhiAEWxiCr1VKxn3kYOL6sFeGDnKGRQ6NJEuFK3MmyvTzCSBEJhs2HQVcCPDzY6EfYYJenY.jTzke1XDuKoBSJ0wHWC7hC0OupfAEPg1JY_LgfItJ8U&dib_tag=se&keywords=ball&qid=1743590313&sprefix=%2Caps%2C290&sr=8-24&xpid=LRsdSWdNkSPye#customerReviews
,0,
"Edushape 婴儿感官球 - 7 英寸(约 17.8 厘米)纯色原色婴儿球,有助于提高 6 个月及以上儿童的大运动技能 - 1 件装色彩鲜艳且独特的纹理球",US$19.99,https://www.amazon.com/-/zh/dp/B001JEOG3I/ref=sr_1_26?crid=IMVRWSKSO8X5&dib=eyJ2IjoiMSJ9.PcqnabT910db08qFrKj2JCNnBq0rtDjkZkfdbzzxgmBwqTArcjRXxmQsmFh9adlKOuYRm2lJdhGt-7exZzjqO5IY3mfO9ekVfiwPz_QYotuFsv3LdTUuNX5E89Nf4TNX9ldq3hF8nuJfw8k-xxy2kFbF_KXfS0I1b5flJu3vVsEKxgxsHkuaZvrJ7BYqXS1lG-SEE0IyrcO0Mvh_bfI2OAjRtlNyQOssIo3ZzhiAEWxiCr1VKxn3kYOL6sFeGDnKGRQ6NJEuFK3MmyvTzCSBEJhs2HQVcCPDzY6EfYYJenY.jTzke1XDuKoBSJ0wHWC7hC0OupfAEPg1JY_LgfItJ8U&dib_tag=se&keywords=ball&qid=1743590313&sprefix=%2Caps%2C290&sr=8-26&xpid=LRsdSWdNkSPye#customerReviews
"Ball Pit Ball Pit Ball 适用于婴儿和幼儿,不含邻苯二甲酸盐,不含 BPA 的防压塑料 - 可重复使用的玩具,带储物袋",US$25.99,https://www.amazon.com/-/zh/dp/B0933HKGG8/ref=sr_1_27?crid=IMVRWSKSO8X5&dib=eyJ2IjoiMSJ9.PcqnabT910db08qFrKj2JCNnBq0rtDjkZkfdbzzxgmBwqTArcjRXxmQsmFh9adlKOuYRm2lJdhGt-7exZzjqO5IY3mfO9ekVfiwPz_QYotuFsv3LdTUuNX5E89Nf4TNX9ldq3hF8nuJfw8k-xxy2kFbF_KXfS0I1b5flJu3vVsEKxgxsHkuaZvrJ7BYqXS1lG-SEE0IyrcO0Mvh_bfI2OAjRtlNyQOssIo3ZzhiAEWxiCr1VKxn3kYOL6sFeGDnKGRQ6NJEuFK3MmyvTzCSBEJhs2HQVcCPDzY6EfYYJenY.jTzke1XDuKoBSJ0wHWC7hC0OupfAEPg1JY_LgfItJ8U&dib_tag=se&keywords=ball&qid=1743590313&sprefix=%2Caps%2C290&sr=8-27&xpid=LRsdSWdNkSPye#customerReviews
"Bedwina Sports Balls for Kids & Toddlers - 5-inch Sports Balls Set Includes Football, Small Soccer Ball, Basketball, and Playground Balls, Fun Indoors & Outdoor Toys (Hand Pump Included)",US$12.99,https://www.amazon.com/-/zh/dp/B09CBZL8JB/ref=sr_1_28?crid=IMVRWSKSO8X5&dib=eyJ2IjoiMSJ9.PcqnabT910db08qFrKj2JCNnBq0rtDjkZkfdbzzxgmBwqTArcjRXxmQsmFh9adlKOuYRm2lJdhGt-7exZzjqO5IY3mfO9ekVfiwPz_QYotuFsv3LdTUuNX5E89Nf4TNX9ldq3hF8nuJfw8k-xxy2kFbF_KXfS0I1b5flJu3vVsEKxgxsHkuaZvrJ7BYqXS1lG-SEE0IyrcO0Mvh_bfI2OAjRtlNyQOssIo3ZzhiAEWxiCr1VKxn3kYOL6sFeGDnKGRQ6NJEuFK3MmyvTzCSBEJhs2HQVcCPDzY6EfYYJenY.jTzke1XDuKoBSJ0wHWC7hC0OupfAEPg1JY_LgfItJ8U&dib_tag=se&keywords=ball&qid=1743590313&sprefix=%2Caps%2C290&sr=8-28&xpid=LRsdSWdNkSPye#customerReviews
"8.5 英寸(约 21.9 厘米)适合儿童和成人的游乐场球 - (6 个装)充气橡胶室内室外弹性躲避球、踢球、四个方形和手球,适用于学校、健身房、休息等,带球泵",US$20.89,https://www.amazon.com/-/zh/dp/B0DMMWV24D/ref=sr_1_29?crid=IMVRWSKSO8X5&dib=eyJ2IjoiMSJ9.PcqnabT910db08qFrKj2JCNnBq0rtDjkZkfdbzzxgmBwqTArcjRXxmQsmFh9adlKOuYRm2lJdhGt-7exZzjqO5IY3mfO9ekVfiwPz_QYotuFsv3LdTUuNX5E89Nf4TNX9ldq3hF8nuJfw8k-xxy2kFbF_KXfS0I1b5flJu3vVsEKxgxsHkuaZvrJ7BYqXS1lG-SEE0IyrcO0Mvh_bfI2OAjRtlNyQOssIo3ZzhiAEWxiCr1VKxn3kYOL6sFeGDnKGRQ6NJEuFK3MmyvTzCSBEJhs2HQVcCPDzY6EfYYJenY.jTzke1XDuKoBSJ0wHWC7hC0OupfAEPg1JY_LgfItJ8U&dib_tag=se&keywords=ball&qid=1743590313&sprefix=%2Caps%2C290&sr=8-29&xpid=LRsdSWdNkSPye#customerReviews
"Jolly Pets 大型足球漂浮弹跳狗狗玩具,直径 8 英寸(约 20.3 厘米),橙色",US$22.89,https://www.amazon.com/dp/B01EMSVV4E/ref=sr_1_30?crid=IMVRWSKSO8X5&dib=eyJ2IjoiMSJ9.PcqnabT910db08qFrKj2JCNnBq0rtDjkZkfdbzzxgmBwqTArcjRXxmQsmFh9adlKOuYRm2lJdhGt-7exZzjqO5IY3mfO9ekVfiwPz_QYotuFsv3LdTUuNX5E89Nf4TNX9ldq3hF8nuJfw8k-xxy2kFbF_KXfS0I1b5flJu3vVsEKxgxsHkuaZvrJ7BYqXS1lG-SEE0IyrcO0Mvh_bfI2OAjRtlNyQOssIo3ZzhiAEWxiCr1VKxn3kYOL6sFeGDnKGRQ6NJEuFK3MmyvTzCSBEJhs2HQVcCPDzY6EfYYJenY.jTzke1XDuKoBSJ0wHWC7hC0OupfAEPg1JY_LgfItJ8U&dib_tag=se&keywords=ball&qid=1743590313&sprefix=%2Caps%2C290&sr=8-30&xpid=LRsdSWdNkSPye#customerReviews
"Trideer 普拉提球 9 英寸(约 22.9 厘米)核心球,小型健身球,带锻炼指南杆球迷你瑜伽球,适用于普拉提、瑜伽、核心训练、物理治疗、平衡、稳定性、拉伸",US$9.99,https://www.amazon.com/-/zh/dp/B077QD9TFF/ref=sr_1_31?crid=IMVRWSKSO8X5&dib=eyJ2IjoiMSJ9.PcqnabT910db08qFrKj2JCNnBq0rtDjkZkfdbzzxgmBwqTArcjRXxmQsmFh9adlKOuYRm2lJdhGt-7exZzjqO5IY3mfO9ekVfiwPz_QYotuFsv3LdTUuNX5E89Nf4TNX9ldq3hF8nuJfw8k-xxy2kFbF_KXfS0I1b5flJu3vVsEKxgxsHkuaZvrJ7BYqXS1lG-SEE0IyrcO0Mvh_bfI2OAjRtlNyQOssIo3ZzhiAEWxiCr1VKxn3kYOL6sFeGDnKGRQ6NJEuFK3MmyvTzCSBEJhs2HQVcCPDzY6EfYYJenY.jTzke1XDuKoBSJ0wHWC7hC0OupfAEPg1JY_LgfItJ8U&dib_tag=se&keywords=ball&qid=1743590313&sprefix=%2Caps%2C290&sr=8-31&xpid=LRsdSWdNkSPye#customerReviews
"ProBody 普拉提球小型健身球,9 英寸(约 22.9 厘米)巴里球,迷你软瑜伽球,稳定健身,腹肌,核心,物理和物理治疗球,家庭健身房和办公室",US$9.45,https://www.amazon.com/-/zh/dp/B010TJC4IM/ref=sr_1_32?crid=IMVRWSKSO8X5&dib=eyJ2IjoiMSJ9.PcqnabT910db08qFrKj2JCNnBq0rtDjkZkfdbzzxgmBwqTArcjRXxmQsmFh9adlKOuYRm2lJdhGt-7exZzjqO5IY3mfO9ekVfiwPz_QYotuFsv3LdTUuNX5E89Nf4TNX9ldq3hF8nuJfw8k-xxy2kFbF_KXfS0I1b5flJu3vVsEKxgxsHkuaZvrJ7BYqXS1lG-SEE0IyrcO0Mvh_bfI2OAjRtlNyQOssIo3ZzhiAEWxiCr1VKxn3kYOL6sFeGDnKGRQ6NJEuFK3MmyvTzCSBEJhs2HQVcCPDzY6EfYYJenY.jTzke1XDuKoBSJ0wHWC7hC0OupfAEPg1JY_LgfItJ8U&dib_tag=se&keywords=ball&qid=1743590313&sprefix=%2Caps%2C290&sr=8-32&xpid=LRsdSWdNkSPye#customerReviews
"婴儿感官球,适合 6 至 12 个月幼儿,1 – 3 个月,亮色纹理多软球礼品套装,蒙特梭利玩具适合 6 – 12 个月婴儿玩具(6 件装)",US$15.99,https://www.amazon.com/-/zh/dp/B07SRSJZSL/ref=sr_1_33?crid=IMVRWSKSO8X5&dib=eyJ2IjoiMSJ9.PcqnabT910db08qFrKj2JCNnBq0rtDjkZkfdbzzxgmBwqTArcjRXxmQsmFh9adlKOuYRm2lJdhGt-7exZzjqO5IY3mfO9ekVfiwPz_QYotuFsv3LdTUuNX5E89Nf4TNX9ldq3hF8nuJfw8k-xxy2kFbF_KXfS0I1b5flJu3vVsEKxgxsHkuaZvrJ7BYqXS1lG-SEE0IyrcO0Mvh_bfI2OAjRtlNyQOssIo3ZzhiAEWxiCr1VKxn3kYOL6sFeGDnKGRQ6NJEuFK3MmyvTzCSBEJhs2HQVcCPDzY6EfYYJenY.jTzke1XDuKoBSJ0wHWC7hC0OupfAEPg1JY_LgfItJ8U&dib_tag=se&keywords=ball&qid=1743590313&sprefix=%2Caps%2C290&sr=8-33&xpid=LRsdSWdNkSPye#customerReviews
,0,
"QDAN 狗狗球玩具,带肩带的足球,小狗生日礼物,狗水玩具,适合中小型犬的耐用牧马球,用于拔河的互动玩具(6 英寸)",US$15.59,https://www.amazon.com/-/zh/dp/B08YYL2BDB/ref=sr_1_35?crid=IMVRWSKSO8X5&dib=eyJ2IjoiMSJ9.PcqnabT910db08qFrKj2JCNnBq0rtDjkZkfdbzzxgmBwqTArcjRXxmQsmFh9adlKOuYRm2lJdhGt-7exZzjqO5IY3mfO9ekVfiwPz_QYotuFsv3LdTUuNX5E89Nf4TNX9ldq3hF8nuJfw8k-xxy2kFbF_KXfS0I1b5flJu3vVsEKxgxsHkuaZvrJ7BYqXS1lG-SEE0IyrcO0Mvh_bfI2OAjRtlNyQOssIo3ZzhiAEWxiCr1VKxn3kYOL6sFeGDnKGRQ6NJEuFK3MmyvTzCSBEJhs2HQVcCPDzY6EfYYJenY.jTzke1XDuKoBSJ0wHWC7hC0OupfAEPg1JY_LgfItJ8U&dib_tag=se&keywords=ball&qid=1743590313&sprefix=%2Caps%2C290&sr=8-35&xpid=LRsdSWdNkSPye#customerReviews
按摩长曲棍球用于肌筋膜释放、触发点治疗、肌肉结和瑜伽治疗。2 件套坚固球(蓝色和红色),US$7.99,https://www.amazon.com/-/zh/dp/B017V7UKW2/ref=sr_1_36?crid=IMVRWSKSO8X5&dib=eyJ2IjoiMSJ9.PcqnabT910db08qFrKj2JCNnBq0rtDjkZkfdbzzxgmBwqTArcjRXxmQsmFh9adlKOuYRm2lJdhGt-7exZzjqO5IY3mfO9ekVfiwPz_QYotuFsv3LdTUuNX5E89Nf4TNX9ldq3hF8nuJfw8k-xxy2kFbF_KXfS0I1b5flJu3vVsEKxgxsHkuaZvrJ7BYqXS1lG-SEE0IyrcO0Mvh_bfI2OAjRtlNyQOssIo3ZzhiAEWxiCr1VKxn3kYOL6sFeGDnKGRQ6NJEuFK3MmyvTzCSBEJhs2HQVcCPDzY6EfYYJenY.jTzke1XDuKoBSJ0wHWC7hC0OupfAEPg1JY_LgfItJ8U&dib_tag=se&keywords=ball&qid=1743590313&sprefix=%2Caps%2C290&sr=8-36&xpid=LRsdSWdNkSPye#customerReviews
,0,
"Magicorange 网球,12 只装高级训练网球练习球,配有网袋,方便运输,适合初学者训练球",US$15.29,https://www.amazon.com/-/zh/dp/B0917MKGNT/ref=sr_1_38?crid=IMVRWSKSO8X5&dib=eyJ2IjoiMSJ9.PcqnabT910db08qFrKj2JCNnBq0rtDjkZkfdbzzxgmBwqTArcjRXxmQsmFh9adlKOuYRm2lJdhGt-7exZzjqO5IY3mfO9ekVfiwPz_QYotuFsv3LdTUuNX5E89Nf4TNX9ldq3hF8nuJfw8k-xxy2kFbF_KXfS0I1b5flJu3vVsEKxgxsHkuaZvrJ7BYqXS1lG-SEE0IyrcO0Mvh_bfI2OAjRtlNyQOssIo3ZzhiAEWxiCr1VKxn3kYOL6sFeGDnKGRQ6NJEuFK3MmyvTzCSBEJhs2HQVcCPDzY6EfYYJenY.jTzke1XDuKoBSJ0wHWC7hC0OupfAEPg1JY_LgfItJ8U&dib_tag=se&keywords=ball&qid=1743590313&sprefix=%2Caps%2C290&sr=8-38&xpid=LRsdSWdNkSPye#customerReviews
Monster K9 坚不可摧的环形球 – 终身更换 – 中型和大型犬种 – 超耐用狗狗玩具 – 咀嚼、拖拽和取回 – 5.5 英寸(约 14 厘米),US$24.99,https://www.amazon.com/-/zh/dp/B084YRYHG2/ref=sr_1_39?crid=IMVRWSKSO8X5&dib=eyJ2IjoiMSJ9.PcqnabT910db08qFrKj2JCNnBq0rtDjkZkfdbzzxgmBwqTArcjRXxmQsmFh9adlKOuYRm2lJdhGt-7exZzjqO5IY3mfO9ekVfiwPz_QYotuFsv3LdTUuNX5E89Nf4TNX9ldq3hF8nuJfw8k-xxy2kFbF_KXfS0I1b5flJu3vVsEKxgxsHkuaZvrJ7BYqXS1lG-SEE0IyrcO0Mvh_bfI2OAjRtlNyQOssIo3ZzhiAEWxiCr1VKxn3kYOL6sFeGDnKGRQ6NJEuFK3MmyvTzCSBEJhs2HQVcCPDzY6EfYYJenY.jTzke1XDuKoBSJ0wHWC7hC0OupfAEPg1JY_LgfItJ8U&dib_tag=se&keywords=ball&qid=1743590313&sprefix=%2Caps%2C290&sr=8-39&xpid=LRsdSWdNkSPye#customerReviews
24 件弹力球 32 毫米弹跳球 6 种风格高弹跳球 儿童派对礼物 生日礼物 课堂,US$9.99,https://www.amazon.com/-/zh/dp/B0BYVW5D3M/ref=sr_1_40?crid=IMVRWSKSO8X5&dib=eyJ2IjoiMSJ9.PcqnabT910db08qFrKj2JCNnBq0rtDjkZkfdbzzxgmBwqTArcjRXxmQsmFh9adlKOuYRm2lJdhGt-7exZzjqO5IY3mfO9ekVfiwPz_QYotuFsv3LdTUuNX5E89Nf4TNX9ldq3hF8nuJfw8k-xxy2kFbF_KXfS0I1b5flJu3vVsEKxgxsHkuaZvrJ7BYqXS1lG-SEE0IyrcO0Mvh_bfI2OAjRtlNyQOssIo3ZzhiAEWxiCr1VKxn3kYOL6sFeGDnKGRQ6NJEuFK3MmyvTzCSBEJhs2HQVcCPDzY6EfYYJenY.jTzke1XDuKoBSJ0wHWC7hC0OupfAEPg1JY_LgfItJ8U&dib_tag=se&keywords=ball&qid=1743590313&sprefix=%2Caps%2C290&sr=8-40&xpid=LRsdSWdNkSPye#customerReviews
"Nerf 狗狗橡胶球狗狗玩具带吱吱声,轻便耐用防水,直径 4 英寸(约 10.2 厘米),适合中型/大型犬种,单个单元,绿色",US$10.88,https://www.amazon.com/-/zh/dp/B00EUV6UGI/ref=sr_1_41?crid=IMVRWSKSO8X5&dib=eyJ2IjoiMSJ9.PcqnabT910db08qFrKj2JCNnBq0rtDjkZkfdbzzxgmBwqTArcjRXxmQsmFh9adlKOuYRm2lJdhGt-7exZzjqO5IY3mfO9ekVfiwPz_QYotuFsv3LdTUuNX5E89Nf4TNX9ldq3hF8nuJfw8k-xxy2kFbF_KXfS0I1b5flJu3vVsEKxgxsHkuaZvrJ7BYqXS1lG-SEE0IyrcO0Mvh_bfI2OAjRtlNyQOssIo3ZzhiAEWxiCr1VKxn3kYOL6sFeGDnKGRQ6NJEuFK3MmyvTzCSBEJhs2HQVcCPDzY6EfYYJenY.jTzke1XDuKoBSJ0wHWC7hC0OupfAEPg1JY_LgfItJ8U&dib_tag=se&keywords=ball&qid=1743590313&sprefix=%2Caps%2C290&sr=8-41&xpid=LRsdSWdNkSPye#customerReviews
"Gnawsome Squeak and Light 足球,多色,2.5 英寸,10010,1 件",US$6.18,https://www.amazon.com/-/zh/dp/B00SHMPLSE/ref=sr_1_42?crid=IMVRWSKSO8X5&dib=eyJ2IjoiMSJ9.PcqnabT910db08qFrKj2JCNnBq0rtDjkZkfdbzzxgmBwqTArcjRXxmQsmFh9adlKOuYRm2lJdhGt-7exZzjqO5IY3mfO9ekVfiwPz_QYotuFsv3LdTUuNX5E89Nf4TNX9ldq3hF8nuJfw8k-xxy2kFbF_KXfS0I1b5flJu3vVsEKxgxsHkuaZvrJ7BYqXS1lG-SEE0IyrcO0Mvh_bfI2OAjRtlNyQOssIo3ZzhiAEWxiCr1VKxn3kYOL6sFeGDnKGRQ6NJEuFK3MmyvTzCSBEJhs2HQVcCPDzY6EfYYJenY.jTzke1XDuKoBSJ0wHWC7hC0OupfAEPg1JY_LgfItJ8U&dib_tag=se&keywords=ball&qid=1743590313&sprefix=%2Caps%2C290&sr=8-42&xpid=LRsdSWdNkSPye#customerReviews
,0,
"KAIKER 狗狗球坚不可摧,实心橡胶弹性,适合狗狗,霸气咀嚼,大型犬,无毒,浮动,高弹性,耐用拾取球,适合咀嚼、玩耍和训练。",US$13.85,https://www.amazon.com/-/zh/dp/B09CLFRZDS/ref=sr_1_44?crid=IMVRWSKSO8X5&dib=eyJ2IjoiMSJ9.PcqnabT910db08qFrKj2JCNnBq0rtDjkZkfdbzzxgmBwqTArcjRXxmQsmFh9adlKOuYRm2lJdhGt-7exZzjqO5IY3mfO9ekVfiwPz_QYotuFsv3LdTUuNX5E89Nf4TNX9ldq3hF8nuJfw8k-xxy2kFbF_KXfS0I1b5flJu3vVsEKxgxsHkuaZvrJ7BYqXS1lG-SEE0IyrcO0Mvh_bfI2OAjRtlNyQOssIo3ZzhiAEWxiCr1VKxn3kYOL6sFeGDnKGRQ6NJEuFK3MmyvTzCSBEJhs2HQVcCPDzY6EfYYJenY.jTzke1XDuKoBSJ0wHWC7hC0OupfAEPg1JY_LgfItJ8U&dib_tag=se&keywords=ball&qid=1743590313&sprefix=%2Caps%2C290&sr=8-44&xpid=LRsdSWdNkSPye#customerReviews
Kong Air Squeaker 网球尺寸:中号(6_球),US$15.17,https://www.amazon.com/-/zh/dp/B00XS0I6BY/ref=sr_1_45?crid=IMVRWSKSO8X5&dib=eyJ2IjoiMSJ9.PcqnabT910db08qFrKj2JCNnBq0rtDjkZkfdbzzxgmBwqTArcjRXxmQsmFh9adlKOuYRm2lJdhGt-7exZzjqO5IY3mfO9ekVfiwPz_QYotuFsv3LdTUuNX5E89Nf4TNX9ldq3hF8nuJfw8k-xxy2kFbF_KXfS0I1b5flJu3vVsEKxgxsHkuaZvrJ7BYqXS1lG-SEE0IyrcO0Mvh_bfI2OAjRtlNyQOssIo3ZzhiAEWxiCr1VKxn3kYOL6sFeGDnKGRQ6NJEuFK3MmyvTzCSBEJhs2HQVcCPDzY6EfYYJenY.jTzke1XDuKoBSJ0wHWC7hC0OupfAEPg1JY_LgfItJ8U&dib_tag=se&keywords=ball&qid=1743590313&sprefix=%2Caps%2C290&sr=8-45&xpid=LRsdSWdNkSPye#customerReviews
"【新材料】Cheerble 智能互动狗狗玩具,邪恶球空气,自动移动,弹跳和旋转球,E-TPU 材料,IPX7 防水等级,适合中型和大型犬的主动滚动球",US$44.99,https://www.amazon.com/-/zh/dp/B0DGPYDRSH/ref=sr_1_46?crid=IMVRWSKSO8X5&dib=eyJ2IjoiMSJ9.PcqnabT910db08qFrKj2JCNnBq0rtDjkZkfdbzzxgmBwqTArcjRXxmQsmFh9adlKOuYRm2lJdhGt-7exZzjqO5IY3mfO9ekVfiwPz_QYotuFsv3LdTUuNX5E89Nf4TNX9ldq3hF8nuJfw8k-xxy2kFbF_KXfS0I1b5flJu3vVsEKxgxsHkuaZvrJ7BYqXS1lG-SEE0IyrcO0Mvh_bfI2OAjRtlNyQOssIo3ZzhiAEWxiCr1VKxn3kYOL6sFeGDnKGRQ6NJEuFK3MmyvTzCSBEJhs2HQVcCPDzY6EfYYJenY.jTzke1XDuKoBSJ0wHWC7hC0OupfAEPg1JY_LgfItJ8U&dib_tag=se&keywords=ball&qid=1743590313&sprefix=%2Caps%2C290&sr=8-46&xpid=LRsdSWdNkSPye#customerReviews
"YOTTOY 防爆运动球适合锻炼,孕妇瑜伽球,用于物理治疗的超厚健身球,用于球椅健身带泵的稳定球",US$18.99,https://www.amazon.com/-/zh/dp/B0BYYPFB86/ref=sr_1_47?crid=IMVRWSKSO8X5&dib=eyJ2IjoiMSJ9.PcqnabT910db08qFrKj2JCNnBq0rtDjkZkfdbzzxgmBwqTArcjRXxmQsmFh9adlKOuYRm2lJdhGt-7exZzjqO5IY3mfO9ekVfiwPz_QYotuFsv3LdTUuNX5E89Nf4TNX9ldq3hF8nuJfw8k-xxy2kFbF_KXfS0I1b5flJu3vVsEKxgxsHkuaZvrJ7BYqXS1lG-SEE0IyrcO0Mvh_bfI2OAjRtlNyQOssIo3ZzhiAEWxiCr1VKxn3kYOL6sFeGDnKGRQ6NJEuFK3MmyvTzCSBEJhs2HQVcCPDzY6EfYYJenY.jTzke1XDuKoBSJ0wHWC7hC0OupfAEPg1JY_LgfItJ8U&dib_tag=se&keywords=ball&qid=1743590313&sprefix=%2Caps%2C290&sr=8-47&xpid=LRsdSWdNkSPye#customerReviews
Champion Sports Colored Lacrosse Balls,US$7.99,https://www.amazon.com/-/zh/dp/B079Q2VK45/ref=sr_1_48?crid=IMVRWSKSO8X5&dib=eyJ2IjoiMSJ9.PcqnabT910db08qFrKj2JCNnBq0rtDjkZkfdbzzxgmBwqTArcjRXxmQsmFh9adlKOuYRm2lJdhGt-7exZzjqO5IY3mfO9ekVfiwPz_QYotuFsv3LdTUuNX5E89Nf4TNX9ldq3hF8nuJfw8k-xxy2kFbF_KXfS0I1b5flJu3vVsEKxgxsHkuaZvrJ7BYqXS1lG-SEE0IyrcO0Mvh_bfI2OAjRtlNyQOssIo3ZzhiAEWxiCr1VKxn3kYOL6sFeGDnKGRQ6NJEuFK3MmyvTzCSBEJhs2HQVcCPDzY6EfYYJenY.jTzke1XDuKoBSJ0wHWC7hC0OupfAEPg1JY_LgfItJ8U&dib_tag=se&keywords=ball&qid=1743590313&sprefix=%2Caps%2C290&sr=8-48&xpid=LRsdSWdNkSPye#customerReviews
"5 件装儿童运动球套装,带包球,适合幼儿,1-3 足球,篮球,棒球,室内户外玩具,运动,弹跳,操场,踢球手泵,幼儿 1-3 2-4 3-5 个礼品",US$17.99,https://www.amazon.com/-/zh/dp/B0CXXXPZZB/ref=sr_1_49?crid=IMVRWSKSO8X5&dib=eyJ2IjoiMSJ9.PcqnabT910db08qFrKj2JCNnBq0rtDjkZkfdbzzxgmBwqTArcjRXxmQsmFh9adlKOuYRm2lJdhGt-7exZzjqO5IY3mfO9ekVfiwPz_QYotuFsv3LdTUuNX5E89Nf4TNX9ldq3hF8nuJfw8k-xxy2kFbF_KXfS0I1b5flJu3vVsEKxgxsHkuaZvrJ7BYqXS1lG-SEE0IyrcO0Mvh_bfI2OAjRtlNyQOssIo3ZzhiAEWxiCr1VKxn3kYOL6sFeGDnKGRQ6NJEuFK3MmyvTzCSBEJhs2HQVcCPDzY6EfYYJenY.jTzke1XDuKoBSJ0wHWC7hC0OupfAEPg1JY_LgfItJ8U&dib_tag=se&keywords=ball&qid=1743590313&sprefix=%2Caps%2C290&sr=8-49&xpid=LRsdSWdNkSPye#customerReviews
Chuckit Ultra Squeaker 狗狗球 – 超大弹力和吱吱叫的宠物玩具 100 磅以上 – 漂浮在水上 – 耐用橡胶 – XL – 直径 3.5 英寸 – 1 件装,US$13.99,https://www.amazon.com/-/zh/dp/B086H3732H/ref=sr_1_50?crid=IMVRWSKSO8X5&dib=eyJ2IjoiMSJ9.PcqnabT910db08qFrKj2JCNnBq0rtDjkZkfdbzzxgmBwqTArcjRXxmQsmFh9adlKOuYRm2lJdhGt-7exZzjqO5IY3mfO9ekVfiwPz_QYotuFsv3LdTUuNX5E89Nf4TNX9ldq3hF8nuJfw8k-xxy2kFbF_KXfS0I1b5flJu3vVsEKxgxsHkuaZvrJ7BYqXS1lG-SEE0IyrcO0Mvh_bfI2OAjRtlNyQOssIo3ZzhiAEWxiCr1VKxn3kYOL6sFeGDnKGRQ6NJEuFK3MmyvTzCSBEJhs2HQVcCPDzY6EfYYJenY.jTzke1XDuKoBSJ0wHWC7hC0OupfAEPg1JY_LgfItJ8U&dib_tag=se&keywords=ball&qid=1743590313&sprefix=%2Caps%2C290&sr=8-50&xpid=LRsdSWdNkSPye#customerReviews
