company_name,address,url,phone,site,company_id,CategoriesShow,SalesLevel
深圳市智博通电子有限公司,深圳市龙华区福城街道福民社区核电工业园8号201、301、401,https://logistics.tungee.com/enterprise-details/37622feb5d8532b4/enterprise-information/basic-information,18818687909,"美国站,英国站,德国站,荷兰站,意大利站,西班牙站,比利时站,波兰站,加拿大站,墨西哥站,巴西站,法国站,瑞典站",37622feb5d8532b4,"网络设备,计算机及配件,配件",中等销量
广州巨圆电子科技有限公司,广州市白云区鹤龙街联边彭上新村西路3号305房,https://logistics.tungee.com/enterprise-details/37622fbb99c53685/enterprise-information/basic-information,13570218998,"美国站,荷兰站,法国站,西班牙站,波兰站,瑞典站,加拿大站,英国站,德国站,墨西哥站,意大利站,比利时站,土耳其站",37622fbb99c53685,"汽车电子、电器,安全和监控,车辆电子配件,配件,汽车电子、电器,电子,导航仪配件,汽车电子、电器,外设产品,电视配件,电源配件,照明和电气,导航仪配件,汽车外饰,扫描仪和配件,Electronique embarqu e",高销量
深圳市普光太阳能有限公司,深圳市龙岗区平湖街道禾花社区兴联工业区三巷3号B栋401,https://logistics.tungee.com/enterprise-details/37622fcf2d053916/enterprise-information/basic-information,13510027129,"美国站,加拿大站,英国站,德国站,墨西哥站,荷兰站,意大利站,法国站,西班牙站,比利时站,波兰站,瑞典站,土耳其站,巴西站",37622fcf2d053916,"太阳能和风力发电,弹簧,发电机和便携式电源,试电笔,配件,手机配件,动力传输产品,手机配件,电池、充电器,电工,运动,计算机及配件,Énergie solaire et  olienne,光源,太阳能和风力发电,电子产品,控制电缆,MP3播放器配件",高销量
浙江凯莱特工贸有限公司,浙江省丽水市缙云县舒洪镇黄平路8号,https://logistics.tungee.com/enterprise-details/37622fc034c53962/enterprise-information/basic-information,15869206061,"美国站,德国站,日本站,荷兰站,意大利站,法国站,西班牙站,比利时站,波兰站,瑞典站,加拿大站,英国站,墨西哥站",37622fc034c53962,"家具,游戏和休闲室家具,客厅家具,家居和厨房,办公家具,真空吸尘器零件和配件,摩托车零件及配件,汽车座套、坐垫,点火系统及配件,内饰配件,家居装饰,双肩背包",高销量
武汉李氏越洋发制品有限公司,武汉东湖新技术开发区光谷大道以南、凤凰中路以西光谷动力节能环保科技企业孵化器(加速器)二期3A栋3层01号03号房,https://logistics.tungee.com/enterprise-details/37623013d6bf3a43/enterprise-information/basic-information,,"美国站,加拿大站,英国站,德国站,墨西哥站,荷兰站,意大利站,法国站,西班牙站,比利时站,波兰站,瑞典站,土耳其站",37623013d6bf3a43,"制作,美发护发,假发,装扮与饰品,女童,发饰,体操服,男宝专区,女士,儿童洗澡用品,浴室用具配件,娃娃,工艺用品,假发,装扮与饰品,日常办公用品,娃娃,制陶工艺,Delta Faucet,汽车用品,劳保用品,娃娃屋附件,娃娃配饰,玩具,节日饰品,浴室用品,娃娃,家用电池,取暖炉、壁炉,开关、继电器,骑行,厨房保鲜、收纳,游戏、学步,运动户外",高销量
福建天汇实业股份有限公司,厦门市湖里区乌石浦二里54号,https://logistics.tungee.com/enterprise-details/577d78d9fff21380/enterprise-information/basic-information,13599735008,"美国站,加拿大站,英国站,墨西哥站,德国站,荷兰站,意大利站,法国站,西班牙站,比利时站,波兰站,瑞典站",577d78d9fff21380,"收纳用品,厨房保鲜、收纳,家居装饰,办公礼品包装,Cocina,厨房保鲜、收纳,咖啡用品,厨房和餐厅,饰品配件,厨房和餐厅",高销量
济南有人物联网技术有限公司,山东省济南市高新区世纪大道2566号济南迪亚双创产业园内的9#楼F1层及部分F2层,https://logistics.tungee.com/enterprise-details/37632775002698e9/enterprise-information/basic-information,15064133977,"美国站,加拿大站,英国站,德国站,墨西哥站,荷兰站,意大利站,巴西站,法国站,西班牙站,新加坡站,比利时站,波兰站,瑞典站",37632775002698e9,"配件,外设产品,网络设备,计算机及配件,网络设备,计算机及配件,计算机及配件,网络设备,计算机及配件,网络设备,计算机及配件,网络设备,计算机及配件,电脑组件,布线和连接,网络设备,计算机及配件,外设产品,手机和配件,计算机及配件,计算机及配件,手机配件,计算机及配件,Komputery, komponenty i akcesoria,配件及用品,安全和监控,五金,电脑组件",中等销量
广州顶诚电子科技有限公司,广州市白云区人和镇东华东昌路7号B栋1层101号,https://logistics.tungee.com/enterprise-details/37622fdde3853164/enterprise-information/basic-information,13298389006,"美国站,英国站,意大利站,法国站,西班牙站,波兰站,加拿大站,德国站,墨西哥站,荷兰站,巴西站,比利时站,瑞典站,土耳其站",37622fdde3853164,"梯子及搬运工具,建筑材料,手动工具,电动工具,电动工具,电动工具,梯子及搬运工具,车库收纳,劳保用品,电动工具,家具五金,照明总成和配件,户外电动工具,地毯及室内装饰品清洁和配件,电焊工具,庭院桌,梯子及搬运工具,吸尘器,演示板,保险柜,咖啡用品,手动工具,安全标志和信号,手套和防护用具,车辆维修车间设备,轮胎、轮毂工具,汽车电子、电器,家具,Delta Faucet,手动工具,缝纫机零配件,家用电池,汽车电子、电器,户外电动工具,办公家具,搁板、置物架,牲畜用品,小宠用品,梯子及搬运工具,服饰及配件,梳理美容用具,Malibu,车辆电子产品,家装工具,Muebles,电动工具,订书钉,S curit ,Tondeuses et outillage de jardin motoris ,彩弹,露营、徒步,汽车外饰,熨斗和蒸汽挂烫机,其他运动,卫浴用品,客厅家具,油漆涂料与墙纸,表单、记录和钱币管理,床及家具,配件,烤炉配件,摩托车零件及配件,厨房电器,零件,轮胎、轮毂工具,天蓬、凉亭和凉棚,重音和越野照明,DVD播放器,焊接",高销量
江苏永盛氟塑新材料有限公司,泰兴市农产品加工园区恒丰路8号,https://logistics.tungee.com/enterprise-details/37622fdea8053249/enterprise-information/basic-information,13905266962,"美国站,英国站,德国站,日本站,荷兰站,意大利站,法国站,西班牙站,比利时站,波兰站,瑞典站,土耳其站,加拿大站,墨西哥站",37622fdea8053249,"厨房和餐厅,烘焙用品,厨房和餐厅,厨房和餐厅,咖啡用品,厨用小工具,餐厨布艺,厨房保鲜、收纳,炊具,喂食、喂水用具,范围、烤箱和炉灶,厨房和餐厅,运动用品,Couteaux et ustensiles de cuisine,大家电零配件,厨房保鲜、收纳,缝纫机零配件,Cooking & Dining,冰箱零配件,手动工具,浴室用品,大家电零配件,烤炉配件,Kitchen Linen,手动工具,烤炉配件,餐厨布艺,小型健身用品,家具,儿童洗澡用品,庭院、草坪和园艺",高销量
洛阳速飞信工业技术有限公司,中国(河南)自由贸易试验区洛阳片区涧西区蓬莱路2号洛阳国家大学科技园B区2号楼104室,https://logistics.tungee.com/enterprise-details/39b82f1c98eb4269/enterprise-information/basic-information,13608659603,"美国站,加拿大站,英国站,德国站,墨西哥站,荷兰站,意大利站,法国站,西班牙站,比利时站,波兰站,巴西站,瑞典站,土耳其站",39b82f1c98eb4269,"手动工具,Malibu,切割工具,工艺用品,手动工具,工具配件,工具配件,手动工具,电动工具,珠饰、首饰制作用品,制作,手动工具,工业与科研用品,电动工具,劳保用品,控制电缆,家装工具,焊接设备,手动工具,激光测量设备及配件,手工测量工具,工业电动工具,配件,珠饰、首饰制作用品,电动工具,工具配件,批头,摄影摄像,焊接,标记工具,焊接设备,家装工具,劳保用品,手动工具,切割工具,镜头,制作,物料搬运,邮箱及配件,汽车内饰,电动工具,配件,工业工具,螺母,切割工具,工具配件,电工,Herramientas Manuales,螺纹板牙,激光测量设备及配件,手动工具,打印机和配件,家居装修,电动工具,电焊工具,车库收纳,电动工具,建筑材料,门用五金,灯具配件,艺术品、工艺品和缝纫用品,材料处理用品,电源配件,营养保健品,铣削工具,电焊工具,家用清洁剂,Outillage à main et  lectroportatif,冷水器和净水器,办公设备,布线和连接,柜橱五金件,手动工具,增材制造产品,沐浴,Herramientas para Medición y Diseño,吸尘器和地板护理,五金,Cocina,实验室及科研用品,手动工具,砂轮,清洁剂,骑行,电动工具,发动机工具及设备,五金,油漆涂料与墙纸,检测、分析,传送带,电动工具,汽车保养,裁切和测量设备,工业与科研用品,厨房和餐厅,螺纹嵌件,电焊工具,旋钮和手轮,电焊工具,螺纹丝锥,工具配件,切割工具,小型健身用品,衣物清洁,工具配件,家居装修,S curit ,电脑组件,建筑材料,餐厨布艺,绗缝用品,手工测量工具,衣物清洁,酒类配件,Foto e videocamere,尺寸测量,管件、管道和软管",中等销量
深圳市希可尔科技有限公司,深圳市光明区光明街道光明社区光明大道868号新地中央公寓A座A单元22H,https://logistics.tungee.com/enterprise-details/37622fc44a0535bd/enterprise-information/basic-information,13501554908,"美国站,加拿大站,英国站,墨西哥站,日本站",37622fc44a0535bd,"电脑组件,配件,挂钟、闹钟,空调,按扣,外设产品,网络设备,外设产品,壁灯,珠饰、首饰制作用品,五金,攀岩,手动工具,电源配件,摄影摄像",高销量
浙江嘉特保温科技股份有限公司,平湖市独山港镇兴港路1389号,https://logistics.tungee.com/enterprise-details/3762301731bf34b4/enterprise-information/basic-information,13816680978,"美国站,加拿大站,墨西哥站,日本站,巴西站",3762301731bf34b4,"咖啡用品,Small Appliance Parts & Accessories,厨房保鲜、收纳,厨房保鲜、收纳,厨房小器具和配件,喂食及饮水用具,运动用品,露营、徒步",高销量
湖北洋田塑料制品有限公司,汉川市经济技术开发区,https://logistics.tungee.com/enterprise-details/37622fbc860530eb/enterprise-information/basic-information,13477718645,"美国站,荷兰站,西班牙站,比利时站,波兰站,瑞典站,加拿大站,英国站,德国站,墨西哥站,意大利站,法国站,土耳其站",37622fbc860530eb,"婴儿用品,婴儿车,童车、推车及配件,Travel Gear,梯子及物料搬运设备,轮,婴儿车,Carritos, sillas de paseo y accesorios",高销量
强元芯电子(广东)有限公司,深圳市福田区福田街道福南社区福虹路9号世贸广场A座3801南区,https://logistics.tungee.com/enterprise-details/37622fc6928532f3/enterprise-information/basic-information,15077456666,"美国站,加拿大站,英国站,德国站,墨西哥站,日本站,荷兰站,意大利站,法国站,西班牙站,比利时站,波兰站,瑞典站,土耳其站",37622fc6928532f3,"半导体商品,配件,工业电器,布线和连接,试电笔,电工,摄影摄像,点火系统及配件,电脑组件,重音和越野照明,家居装修,汽车车灯,数据线和适配器,启动器和交流发电机,电源配件,照明总成和配件,计算机及配件,外设产品,半导体商品,工业与科研用品,3D打印机零件和配件,汽车零件,外设产品,工业与科研用品,工业与科研用品,演示板,书写工具,试电笔,电工,发动机冷却和气候控制,计算机及配件,厨房和餐厅,手工测量工具,戒烟,灯泡,电工,安全,工业电器,香体剂和止汗剂,光源,半导体商品,房车电动工具",高销量
武汉美格科技股份有限公司,武汉东湖新技术开发区高新大道999号,https://logistics.tungee.com/enterprise-details/3762302227bf3180/enterprise-information/basic-information,13554373332,"美国站,加拿大站,德国站,墨西哥站,荷兰站,意大利站,波兰站,英国站,法国站,西班牙站,比利时站,瑞典站,土耳其站",3762302227bf3180,"太阳能和风力发电,替换件和配件,发电机和便携式电源,计算机及配件,动力传输产品,手机配件,配件,布线和连接,计算机及配件,控制电缆,温湿度計",高销量
深圳市美康德科技有限公司,深圳市龙岗区龙城街道龙腾工业园彩云一路8号B栋三楼,https://logistics.tungee.com/enterprise-details/37622fc902053b8a/enterprise-information/basic-information,15818765695,"美国站,加拿大站,英国站,德国站,墨西哥站,荷兰站,意大利站,法国站,西班牙站,波兰站,瑞典站,比利时站,土耳其站",37622fc902053b8a,"配件,汽车电子、电器,安全和监控,电子,外设产品,维修工具,配件,汽车电子、电器,手机配件,电池、充电器,电动工具,扫描仪和配件,车辆电子配件,汽车外饰,外设产品,配件,电视机、录音机,摄影摄像,电子,刹车系统,GPS导航、配件,办公设备",高销量
杭州好达威机电有限公司,浙江省杭州市萧山区宁围街道知行路1125号1幢7楼101室(自主申报),https://logistics.tungee.com/enterprise-details/37622fefd6c53c5c/enterprise-information/basic-information,15158139075,"美国站,加拿大站,英国站,德国站,墨西哥站,荷兰站,意大利站,巴西站,法国站,西班牙站,比利时站,波兰站,瑞典站,土耳其站",37622fefd6c53c5c,"点火系统及配件,零件,汽车零件,启动器和交流发电机,转向系统,内燃机及配件,汽车零件,燃料供应,燃料供应,发动机冷却和气候控制,零件,开关、继电器,液压、气动和水管,管件、管道和软管,建筑材料,启动器和交流发电机,发动机冷却和气候控制,液压工具,汽车内饰,驱动及传动,安全和监控,替换件和配件,轴承和密封,开关、继电器,发动机冷却和气候控制,发动机冷却和气候控制,驱动及传动,控制和指示器,垫圈,发动机冷却和气候控制,点火系统及配件,摩托车零件及配件,电脑游戏配件,零件,汽车用品,传送带,排气系统,汽车零件,汽车用品,配件,农业和工程机械,零件,汽车外饰,家装工具,HVAC,户外电动工具,驱动及传动,零件,发动机冷却和气候控制,汽车用品,刹车系统,汽车,零件,配件,发动机冷却和气候控制,冰雪,滤清器,动力传输产品,配件,汽车零件,Malibu,Partes y Refacciones,燃料供应,点火系统及配件,电动机,刹车系统,Peças e Acessórios para Automóveis,维修工具,发动机工具及设备,乙烯基包装和配件,滤清器,水上运动,驱动及传动,工业与科研用品,零件,驱动及传动,排气系统管道及装置,侧踏板,配件,零件,电气测试,零件,汽车零件,排气系统管道及装置,动力传输产品,燃料供应,转向和悬架,点火系统及配件,运动,排气系统管道及装置,点火系统及配件,车载应急电源、电池充电器和便携电源,替换件和配件,维修工具,工具配件,外设产品,邮箱及配件,车窗调节器和电机,Farm & Ranch,液压、气动和水管,刹车系统,传感器,照明总成和配件,诊断工具,汽车,直线运动产品,计算机及配件,布线和连接,控制和指示器,运动,驱动及传动,零件,点火系统及配件,驱动及传动,汽车车灯,垫圈,滤清器,内燃机及配件,传送带,汽车,汽车零件,照明和电气,汽车,计算机及配件,Auto et Moto,轮胎,垫圈,刹车系统,加热器及配件,零件,内燃机及配件,照明总成和配件,发电机和便携式电源,电工,手动工具,外装配件,外装配件,吊床、支架和配件,摄影摄像,家居装修,制热、制冷设备和空气净化器,刹车系统,维修工具,物料搬运,转向和悬架,线缆,彩弹,传感器,传送带,发动机冷却和气候控制,电气接头,香体剂和止汗剂,汽车用品,发动机冷却和气候控制,手动工具,转向和悬架,转向和悬架,水暖,液压工具,汽车外饰,车辆电子配件,电脑组件,工业与科研用品,Tondeuses et outillage de jardin motoris ,电脑组件,零配件,配件,冰柜,汽车零件,联轴器、辊环和万向节,控制和指示器,车箱和后挡板配件,刹车系统,雨刷器、垫圈,排气系统管道及装置,转向系统,厨房小器具和配件,摄影摄像,冰箱零配件,维修工具,传感器,电工,汽车零件,玻璃器皿、实验室器皿,刹车系统,Herramientas Manuales,Cortadoras y Herramientas El ctricas,门用五金,传感器,厨房和餐厅,咖啡用品,Plomería,Herramientas Manuales y El ctricas,手工套装,计算机及配件,增材制造产品,梯子及搬运工具,复古游戏和微型游戏机,转向和悬架,柜橱五金件,手工测量工具,电脑游戏及配件,餐饮器具和餐具,密封圈,刹车系统,轴承和密封,男士,划船和帆船,车窗调节器和电机,户外电动工具,车牌框架,空调工具及设备,驱动及传动,垫圈,庭院、草坪和园艺,滤清器,除雪工具,农场和牧场,转向和悬架,驱动及传动,维修工具,外装配件,车辆维修车间设备,转向和悬架,梯子及物料搬运设备,家居装修,驱动及传动,雨刷器、垫圈,汽车车灯,龙头配件,食物供应设备和用品,Lights, Bulbs & Indicators,牵引产品和绞车,维修工具,重型商用车零件,排气系统管道及装置,驱动及传动,直线运动产品,存储,职业安全与防护,车窗调节器和电机,工具配件,牵引产品和绞车,刹车系统,车载应急电源、电池充电器和便携电源,泳池及配件,燃料供应,温湿度计,Restaurant Appliances & Equipment,外部,电源配件,配件,防盗,转向和悬架,零配件,数据线和适配器,手机配件,Tesouras de Poda, Peças e Acessórios,计算机及配件,汽车零件,计算机及配件,内燃机及配件,Pièces d tach es auto,Test et mesurage,Électricit ,半导体商品,Pièces et accessoires pour tondeuses,Équipement  lectrique industriel,无源器件,Tondeuses et outillage de jardin motoris ",高销量
威海奥文电机有限公司,山东省威海市文登经济开发区昆嵛北路196号,https://logistics.tungee.com/enterprise-details/3762301476bf314c/enterprise-information/basic-information,13287861389,"美国站,加拿大站,英国站,墨西哥站,意大利站,巴西站,德国站,荷兰站,法国站,西班牙站,比利时站,波兰站,瑞典站,土耳其站",3762301476bf314c,"家装工具,电动工具,电动工具,工具配件,砂轮,电动工具,手动工具,电动工具,手动工具,Power Tool Parts & Accessories,手动工具,Ferramentas El tricas e Manuais,Ferramentas El tricas e Manuais,电动工具,Malibu,厨房和餐厅,手动工具",高销量
福建莱度集团有限公司,厦门市集美区锦园新村177-101号,https://logistics.tungee.com/enterprise-details/57b0d35d26f38f83/enterprise-information/basic-information,13696999098,"美国站,加拿大站,英国站,德国站,墨西哥站,意大利站,法国站,西班牙站,荷兰站,巴西站,比利时站,波兰站,瑞典站",57b0d35d26f38f83,"家用电池,健身包,厨房和餐厅,收纳用品,皮具箱包,户外饰品,日常办公用品,笔记本配件,餐厨布艺,男装,箱包,配件,彩弹,劳保用品,Kitchen Linen,家居装饰,洗晒熨,户外休闲,皮具箱包,收纳与整理,浴室用品,洗晒熨,其他运动,手提包和钱包,Kitchen Linen,服装,烤炉配件,晴雨伞,男宝专区,计算机及配件,育婴房装饰,演示板,餐厨布艺,双肩背包,配件,壁灯,厨房保鲜、收纳,家居装饰,窗上用品,配件",高销量
深圳市金畅进出口有限公司,深圳市龙岗区龙城街道黄阁坑社区腾飞路9号创投大厦1610,https://logistics.tungee.com/enterprise-details/3763276be9a6916e/enterprise-information/basic-information,13611463927,"美国站,加拿大站,英国站,德国站,日本站,荷兰站,意大利站,巴西站,法国站,西班牙站,比利时站,波兰站,瑞典站,土耳其站",3763276be9a6916e,"浴室用具配件,儿童洗澡用品,服饰及配件,服饰及配件,外出用具,牵引及项圈,咖啡用品,手动工具,外出用具,玩具,猫,玩具,外出用具,狗狗,喂食及饮水用具,小宠窝及窝用品,Perros,健身、训练,牵引及项圈,狗房及笼子,玩具,猫用品,狗狗,玩具,小型健身用品,收纳用品,节日饰品,箱包,玩具,皮具箱包,浴室用品,节日装饰物收纳,彩弹,外出用具,窝及家具,运动用品,饰品配件,露营、徒步,梳理美容用具,服饰及配件,Delta Faucet,狗狗,小宠窝及窝用品,玩具,化妆工具,外出用具,真空吸尘器零件和配件,喂食、喂水用具,手动工具,厨房保鲜、收纳,床及家具,窝及家具,牵引及项圈,洗护用品,牵引及项圈,喂养用品,运动,骑行,浴室五金,狗狗,梳理美容用具,节日饰品,猫,项圈挂饰牵引绳,喂食、喂水器,安全防护,窝及家具,卫浴用品,男宝专区,冰箱零配件,童车、推车及配件,泳池及水上乐园,发饰,梳理美容用具,日常护理,家用电池,厨房保鲜、收纳,厨房和餐厅,狗用品,家居装饰,高脚椅,厨房保鲜、收纳,儿童安全座椅配件,洗护用品,面部防晒,手动工具,安全防护,咖啡用品,训练用品,化妆工具,厨房保鲜、收纳,Lactancia y alimentación,家装工具,箱包,小宠窝及窝用品,水上运动,圣诞装饰品,婴幼玩具,梳理美容用具,梳理美容用具,育婴家具及寝居用品,狗用品,工具配件,面部护肤,烤炉配件,浴室用具配件,搁板、置物架,眼部,美发工具,厨用小工具,化妆工具,Hair Care,家居装饰,洗晒熨,泳池及水上乐园,安抚奶嘴及配件,厨用小工具,手动工具,床及家具,厨房保鲜、收纳,狗用品,发饰,收纳与整理,节日饰品,手套和防护用具,儿童安全座椅配件,母乳喂养,牙齿增白,厨房和餐厅,箱包,洗护用品,鸟类用品,运动户外,围兜和饱嗝布,护理与喂养,喂食及饮水用具,枕头和凳子,猫用品,喂食及饮水用具,Foot, Hand & Nail Care,厨房电器,厨房和餐厅,装饰品,厨房小器具和配件,安抚奶嘴及配件,浴室用具配件,配件,假牙护理,浴室用具配件,Chupetes y mordedores,Higiene y cuidado,工具和配件,泳池及配件,尺寸测量,男士饰品,温湿度計,厨房和餐厅,饲养缸加热灯和垫子,婴幼玩具,齿间清理,台灯,牙齿增白,玩沙玩具,Toilette de b b ,喂食、喂水用具,小宠用品,厨房电器,汽车座套、坐垫,旅行装备,婴幼儿家具,床及家具,清洁用品,家装工具,玩具,五金,浴室用具配件,Malibu,口腔护理,餐具,电动工具,挂饰、项圈、牵引带,运动,吊床、支架和配件,加热器及配件,Aire libre y deportes,Caf  y t ,Carritos, sillas de paseo y accesorios,箱包,大家电,童车、推车及配件,彩妆,酒类配件,服饰及配件,电子类玩具,厨房电器,咖啡用品,家居、厨具、家装,育婴房装饰,背带和配件,冰雪,婴儿寝具,厨房和餐厅,戒烟,户外休闲,派对餐具,美甲,切割工具,工具和配件,桌上用品,婴儿推车配件,服饰及配件,婴幼玩具,艺术品,剃须和脱毛,健康用品,狗用品,工具配件,户外照明灯,家居、厨具、家装,手动工具,地毯、地垫和保护剂,田园工具及设备,窝及家具,收纳篮、箱子、盒子,手工测量工具,家居装饰,游戏配件,手动工具,猫用品,美发工具,工具配件,沐浴,小宠用品,替换件和配件,车库收纳,运动户外休闲,家用电池,水上运动,护理与喂养,Shaving & Hair Removal,美甲工具,儿童安全座椅及配件,小宠窝及窝用品,梳理美容用具,户外电动工具,壁灯,安抚奶嘴及配件,猫,化妆工具,厨房和餐厅,其他运动,野餐篮、庭院桌和配件,手动园艺工具,儿童安全座椅,家居装饰,桌上用品,浴室淋浴剂,尿裤及更换用品,餐厨布艺,健身玩具、健身架,女士,花盆、花架、育苗盘,外出用具,经络养生,厨用小工具,洗碗机零配件,美术用具,节日灯饰,家居装饰,玩具,户外假日装饰品,卫浴用品,音乐玩具,圣诞装饰品,装扮与饰品,非处方药物,浴室用品,替换件和配件,灶具零配件,地毯、地垫和保护剂,儿童安全座椅配件,手机和配件,电风扇,猫用品,健身玩具、健身架,阅读和写作,电动工具,车库收纳,猫砂及清洁用品,玩具和游戏,眼部护理,箱包,家居装饰,奶瓶用品,节日饰品,电动工具,健身包,厨房和餐厅,Tondeuses et outillage de jardin motoris ,Jeux de plein air et sports,清洁用品,车库收纳,日常办公用品,Oral Care,家居和厨房,划船和帆船,Parts & Accessories,Parts & Accessories,餐饮器具和餐具,卧室家具,狗用品,手机配件,身体护理,家具,身体保养,户外照明灯,家居、厨具、家装,餐厨布艺,建筑材料,日常办公用品,美容水疗设备,厨用小工具,身体护理,牲畜用品,美甲工具,足部、手部和指甲护理",高销量
杭州视洞科技有限公司,浙江省杭州市西湖区文三路90号5幢2层南203房间,https://logistics.tungee.com/enterprise-details/39831fb60fab58f2/enterprise-information/basic-information,18629560628,"美国站,加拿大站,英国站,德国站,墨西哥站,荷兰站,意大利站,巴西站,法国站,西班牙站,比利时站,波兰站,瑞典站,土耳其站",39831fb60fab58f2,"视频监控,摄影摄像,配件,劳保用品,水下摄影器材,狗用品,电工,安全防护,配件,外设产品,狗用品,Seguridad,住宅安保系统,防护锁、防撞用品,配件,安全和监控,摄影摄像",高销量
无锡泰锐森贸易有限公司,无锡市锡山区羊尖镇东廊路162号,https://logistics.tungee.com/enterprise-details/3762301735bf34ec/enterprise-information/basic-information,15190299932,"美国站,英国站,德国站,意大利站,法国站,西班牙站,墨西哥站,荷兰站,比利时站,波兰站,瑞典站,土耳其站",3762301735bf34ec,"零件,零件,零件,零件,内燃机及配件,排气系统,零件,零件,轮胎、轮毂及配件,零件,动力传动系统,零件,发动机冷却和气候控制,零件,轮胎,配件,运动,摩托车零件及配件,刹车系统,点火系统及配件,Motos, accesorios y piezas,车牌框架,零件,运动,配件,开关、继电器,汽车外饰,刹车系统,照明总成和配件,刹车系统,发动机冷却和气候控制,高尔夫,轴承和密封,配件,礼品卡,转向和悬架,刹车系统,发动机工具及设备,零件,转向及悬挂系统工具,运动与健身,Motos, accessoires et pièces,运动用品,零件,替换件和配件,转向和悬架,驱动及传动,外装配件,转向和悬架,运动户外休闲,转向和悬架,Motos, accessoires et pièces,Motos, accesorios y piezas,骑行,汽车内饰,零件,排气系统管道及装置,其他运动,刹车系统,Tondeuses et outillage de jardin motoris ,汽车用品,无线电收发器,配件,骑行,工具配件,手动工具,布线和连接,消防器材,布线和连接,汽车座套、坐垫,配件,手动工具,家具,铰链,汽车零件,滤光片,直线运动产品,外装配件,转向系统,汽车零件,汽车零件,汽车零件,Motos, accessoires et pièces,摩托车零件及配件,Motos, accessoires et pièces,Motos, accessoires et pièces,配件,Pièces d tach es auto,建筑材料,插槽车、轨道车及附件,小型健身用品,汽车内饰,Neumáticos y llantas",高销量
深圳市芯元电子科技有限公司,深圳市龙岗区坂田街道岗头社区稼先路2000号有所为大厦801-803,https://logistics.tungee.com/enterprise-details/3763276cd5e69a6e/enterprise-information/basic-information,15994823428,"美国站,加拿大站,英国站,德国站,荷兰站,意大利站,法国站,西班牙站,比利时站,波兰站,瑞典站,土耳其站,墨西哥站",3763276cd5e69a6e,"电脑组件,电脑组件,计算机及配件,摄影摄像,配件,GPS导航、配件,布线和连接,计算机及配件,无线电收发器,计算机及配件,电子,电脑游戏配件,蓝光播放器、刻录机,PlayStation 4配件,任天堂系统,Xbox One及配件,Xbox 系统,工业电器,外设产品,手机和配件,光电产品,手机和配件,手机配件,电气测试,计算机及配件,视频游戏,PlayStation 系统,Xbox 系统,Nintendo Switch及配件,真空吸尘器零件和配件,计算机及配件,Nintendo Switch配件,外设产品,网络设备,数码相机,控制和指示器,打印机和配件,卫星电视",高销量
江苏昆太工业装备有限公司,无锡市锡山经济开发区友谊中路188号,https://logistics.tungee.com/enterprise-details/3762301a29bf312d/enterprise-information/basic-information,13961800708,"美国站,英国站,墨西哥站,荷兰站,意大利站,法国站,西班牙站,比利时站",3762301a29bf312d,"工艺用品,制作,手动工具,Malibu,缝纫、针织用品,家居装修,家用电池,电视配件,布线和连接,绗缝用品,珠饰、首饰制作用品,管件、管道和软管,摄影摄像,标签与指示牌,珠饰、首饰制作用品,咖啡用品,配件",中等销量
深圳市巨诺电子有限公司,深圳市宝安区航城街道鹤洲社区鹤洲路36号厂房401,https://logistics.tungee.com/enterprise-details/37623016feff3818/enterprise-information/basic-information,13713800180,"美国站,加拿大站,德国站,墨西哥站,意大利站,法国站,西班牙站,波兰站,英国站,荷兰站,比利时站,瑞典站,土耳其站",37623016feff3818,"配件,电话配件,外设产品,配件,电视机、录音机,卫星电视,网络设备,摄影摄像,电视机、录音机,电子,蓝光播放器、刻录机,新奇灯饰,其他办公设备,骑行,麦克风配件,数码影音,办公设备,无线电收发器,电子",高销量
安科优选(深圳)技术有限公司,深圳市龙岗区坂田街道马安堂社区中兴路105号儒骏大厦1001,https://logistics.tungee.com/enterprise-details/37623003333f36dd/enterprise-information/basic-information,13802228985,"美国站,加拿大站,巴西站,英国站,德国站,荷兰站,法国站,西班牙站,比利时站,波兰站,瑞典站,土耳其站",37623003333f36dd,"监控设备,视频监控,监控设备,监控设备,安防劳保与清洁,配件,配件,安全和监控,耳机,婴幼儿监护器,电子,电子,摄影摄像",高销量
深圳市光澜世纪科技有限公司,深圳市龙岗区龙城街道新联社区如意路112号创盛达厂房406,https://logistics.tungee.com/enterprise-details/3763276b22269e27/enterprise-information/basic-information,13924599772,"美国站,加拿大站,英国站,德国站,墨西哥站,荷兰站,意大利站,法国站,西班牙站,比利时站,波兰站,瑞典站,土耳其站",3763276b22269e27,"控制和指示器,太阳能和风力发电,发电机和便携式电源,弹簧,试电笔,动力传输产品,控制电缆,手机配件,配件,Énergie solaire et  olienne,网络设备,太阳能和风力发电,户外电动工具,厨房电器,MP3播放器配件,工业与科研用品,Électricit ,电池、充电器,太阳能和风力发电,手机配件,电气测试,厨房电器,试电笔,外设产品,家装工具",高销量
杭州诗曼文具股份有限公司,浙江省杭州市桐庐县分水镇新淳东路308号,https://logistics.tungee.com/enterprise-details/577d3e63d2f36d5f/enterprise-information/basic-information,13606601228,"美国站,加拿大站,英国站,德国站,墨西哥站,荷兰站,意大利站,巴西站,法国站,西班牙站,比利时站,波兰站,瑞典站,土耳其站",577d3e63d2f36d5f,"书写工具,书写工具,儿童安全座椅配件,书写工具,演示板,手机配件,高脚椅,育儿室,Sillas de Coche y Accesorios,手机配件,床上用品,婴幼儿家具,笔记本配件,配件,健身玩具、健身架,拼图,游戏、学步,美术用具,Recámara del Beb ",高销量
珠海市川富光学技术有限公司,珠海市南屏屏北一路22号厂房第三层车间,https://logistics.tungee.com/enterprise-details/37622ffbd9bf31fc/enterprise-information/basic-information,13828444007,"美国站,加拿大站,德国站,墨西哥站,西班牙站,英国站,意大利站,巴西站,法国站",37622ffbd9bf31fc,"配件,配件,无线电收发器,摄影摄像,镜头,配件,镜头,配件,配件,配件,摄影摄像,摄影摄像,配件,Fotografía y videocámaras,三脚架、云台,摄影摄像,手机配件,摄影摄像,零件,女士香水",高销量
广州触沃电子有限公司,广州市增城区新塘镇新塘大道西642号B2,https://logistics.tungee.com/enterprise-details/5788986e93b37152/enterprise-information/basic-information,13924151682,"美国站,英国站,德国站,墨西哥站,荷兰站,意大利站,法国站,西班牙站,阿联酋站,波兰站,阿拉伯站,巴西站",5788986e93b37152,"计算机及配件,展示用品,手机和配件,演示板,手机配件,摄影摄像,计算机和平板电脑,计算机和平板电脑,演示板,数字标牌,计算机及配件,配件,日历台历与日程安排,日历台历与日程安排",中等销量
深圳市华宝新能源股份有限公司,深圳市龙华区大浪街道同胜社区华繁路东侧嘉安达科技工业园厂房七2层、3层(一照多址企业),https://logistics.tungee.com/enterprise-details/37623019e9ff3a6c/enterprise-information/basic-information,,"美国站,英国站,德国站,墨西哥站,荷兰站,意大利站,法国站,西班牙站,比利时站,波兰站,瑞典站,土耳其站",37623019e9ff3a6c,"户外电动工具,发电机和便携式电源,太阳能和风力发电,Tondeuses et outillage de jardin motoris ,替换件和配件,配件,弹簧,手机配件,动力传输产品,试电笔,控制电缆,运动,太阳能和风力发电,现场扩声及灯光设备,发电机配件,电线、适配器和多孔式插座,划船和帆船,小型健身用品,电工,电工,工业与科研用品,计算机及配件,露营、徒步,安全和监控,配件及用品,麦克风,Celulares y Accesorios,维修工具,汽车零件,配件,手动工具,车载应急电源、电池充电器和便携电源,摄影摄像",高销量
深圳市格林兴显示科技有限公司,深圳市龙华区福城街道章阁社区大富路35号14栋(硅谷动力深圳市低碳科技示范园A2栋)301,https://logistics.tungee.com/enterprise-details/37622ffde33f3765/enterprise-information/basic-information,13823548639,"美国站,加拿大站,英国站,德国站,墨西哥站,日本站,荷兰站,意大利站,巴西站,法国站,西班牙站,比利时站,波兰站,瑞典站,土耳其站",37622ffde33f3765,"计算机及配件,布线和连接,手动工具,光电产品,家装工具,计算机及配件,工业电器,配件,电子,电工,计算机及配件,计算机和平板电脑,摄影摄像,手机配件,计算机及配件,手机和配件,其他办公设备,电脑组件,计算机和平板电脑,摄影摄像",高销量
杭州瑞普森照明科技有限公司,临安市高虹镇虹桥村,https://logistics.tungee.com/enterprise-details/3762300c1dff3339/enterprise-information/basic-information,,"美国站,加拿大站,德国站,墨西哥站,日本站,荷兰站,意大利站,西班牙站,比利时站,波兰站,瑞典站,土耳其站,英国站,法国站",3762300c1dff3339,"户外照明灯,光源,顶灯,顶灯,壁灯,照明和吊扇,照明和吊扇,壁灯,光源,照明,泳池及配件",高销量
济南明伦机械有限公司,山东省济南市章丘区双山街道陔庄村丁字巷2号,https://logistics.tungee.com/enterprise-details/37622fdb21453204/enterprise-information/basic-information,,"美国站,日本站,巴西站,瑞典站,墨西哥站",37622fdb21453204,"工艺用品,服装,泳池及水上乐园,编织、钩针编织用品,运动,男士,按摩工具和设备,Meninos,劳保用品,毛绒布艺,女士饰品,儿童房间装饰品,家居装饰,电动工具,女士饰品,浴室淋浴剂,旅行配件",中等销量
深圳中盾联投科技有限公司,深圳市宝安区福永街道凤凰社区凤业九路8号厂房101(一照多址企业),https://logistics.tungee.com/enterprise-details/3762301a7dff3bf3/enterprise-information/basic-information,13600199950,"美国站,加拿大站,英国站,德国站,墨西哥站,日本站,荷兰站,意大利站,巴西站,法国站,西班牙站,比利时站,波兰站,瑞典站,土耳其站",3762301a7dff3bf3,"喂食、喂水用具,门洞、门档、踏板,猫用品,玩具,门洞、台阶、围栏,宠物用品,洗澡美容用具,梳理美容用具,健康用品,喂食、喂水用具,狗狗,猫,梳理美容用具,狗用品,床及家具,猫砂及清洁用品,喂食及饮水用具,服饰及配件,狗用品",高销量
深圳市朝鹏科技有限公司,深圳市龙华区民治街道北站社区创业花园194-198栋513,https://logistics.tungee.com/enterprise-details/37622fbe1f45366c/enterprise-information/basic-information,13510088749,"美国站,加拿大站,墨西哥站,波兰站,英国站,德国站,荷兰站,意大利站,法国站,西班牙站,比利时站,瑞典站",37622fbe1f45366c,"照明和吊扇,户外照明灯,光源,建筑材料,商用照明,配件,露营、徒步,户外照明灯",高销量
永康市可旺工贸有限公司,浙江省金华市永康市东城街道东吴路599号4楼,https://logistics.tungee.com/enterprise-details/3762301c49ff329c/enterprise-information/basic-information,13516984298,"美国站,加拿大站,墨西哥站,日本站,巴西站",3762301c49ff329c,"有氧健身器械,小型健身用品,健康检测,按摩工具和设备,Bienestar y Relajación,其他运动,职业和物理疗法辅助用品,力量训练器械,保健生活用品,经络养生,小型健身用品,按摩工具和设备,女装,力量训练器械,力量训练器械,其他办公设备,美甲工具,防脱发,男子,力量训练器械,骑行,按摩辅助设备,健身、训练,任天堂系统",高销量
浙江杰克巴乔鞋业有限公司,瑞安市安阳街道瑞祥大道1100号三层,https://logistics.tungee.com/enterprise-details/37622fd06bc53725/enterprise-information/basic-information,15606657711,"美国站,加拿大站,墨西哥站,日本站,荷兰站,意大利站,法国站,西班牙站,英国站,德国站",37622fd06bc53725,"厨房保鲜、收纳,咖啡用品,邮箱及配件,炊具,小宠窝及窝用品,露营、徒步,炊具,厨用小工具,音乐玩具,Malibu,冷水器和净水器,织物绘画和染色,柜橱五金件,小型健身用品,厨用小工具,咖啡用品,炊具,男士饰品,厨房和餐厅,收纳用品,厨用小工具,五金,劳保用品,衣柜收纳,厨用小工具,烘焙用品,厨房和餐厅,保健生活用品,吉他和贝斯配件,发动机冷却和气候控制,力量训练器械,制服、工作服和防护服,纸张、包装纸和袋子,麦克风,酿酒用具,女鞋,餐厨布艺,酿酒用具,收纳与整理,庭院桌,缝纫、针织用品,健身、训练,Portabeb s y Accesorios,配件,运动户外休闲,猫,窝及家具,服饰及配件,真空吸尘器零件和配件,露营、徒步,管件、管道和软管,厨房和餐厅,厨用小工具,吸尘器,缝纫、针织用品,小型健身用品,家装工具,手动工具,咖啡用品,生活百科,龙头配件,皮具箱包,食物供应设备和用品,水泵,露营、徒步",高销量
宁波汇宁机电有限公司,浙江省宁波市海曙区启运路112号-6,https://logistics.tungee.com/enterprise-details/3762301e2ebf33ef/enterprise-information/basic-information,13065854255,"美国站,加拿大站,英国站,德国站,墨西哥站,日本站,荷兰站,意大利站,巴西站,法国站,西班牙站,比利时站,波兰站,瑞典站,土耳其站",3762301e2ebf33ef,"净水设备,其他运动,真空吸尘器零件和配件,咖啡用品,卫浴用品,个人运动,厨房和餐厅,净水设备,冷水器和净水器,冷水器和净水器,高尔夫,艺术和娱乐,其他运动,厨卫,厨房用品,净水设备,露营、徒步,工业处理过滤,彩弹,厨房用品,厨房和餐厅,露营、徒步,厨房和餐厅,露营、徒步,汽车零件,运动户外服饰,家居、厨具、家装,净水设备,制热、制冷设备和空气净化器,冰箱零配件,厨卫,Cozinha,Caf , Chá e Expresso",高销量
广州苏帕雷电子有限公司,广州市白云区永平街永泰聚贤街18号之五新海文化创意园528B,https://logistics.tungee.com/enterprise-details/3762301741bf3772/enterprise-information/basic-information,13822257989,"美国站,加拿大站,英国站,德国站,墨西哥站,日本站,荷兰站,意大利站,巴西站,法国站,西班牙站,比利时站,波兰站,瑞典站,土耳其站",3762301741bf3772,"汽车车灯,房车及配件,配件,点火系统及配件,照明总成和配件,汽车车灯,零件,零件,汽车外饰,汽车零件,零件,户外照明灯,汽车用品,摩托车零件及配件,房车电动工具,汽车用品,照明和电气,发动机工具及设备,车罩,汽车内饰,电子元器件,照明总成和配件,配件,灯泡,整理收纳箱,彩弹,露营、徒步,拖车配件,外装配件,Pièces et accessoires pour camping-car,配件,手机配件,小型健身用品,重音和越野照明,Partes y Refacciones,职业安全与防护,汽车内饰,轮胎,零件,手动工具,汽车内饰,整理收纳箱,照明总成和配件,排气系统,照明,维修工具,露营、徒步,配件,光源,建筑材料,骑行,运动用品,照明总成和配件,重音和越野照明,货物管理,运动,户外照明灯,台灯,汽车车灯,外装配件,试电笔,其他运动,配件,汽车内饰,汽车外饰,整理收纳箱,警告灯和应急灯,Lights, Bulbs & Indicators,牵引产品和绞车,Lighting Assemblies & Accessories,润滑油,台灯,动力传输产品,坐垫、脚垫,照明和吊扇,邮箱及配件,Luces, Bombillas e Indicadores,门用五金,运动户外休闲,家居、厨具、家装,外装配件,现场扩声及灯光设备,劳保用品,太阳能和风力发电,车轮,新奇灯饰,冰雪,内饰配件,电池、充电器,灯泡,汽车内饰,房车及配件,外部,试电笔,Pièces et accessoires pour camping-car,运动户外服饰,Électricit ,外部,乙烯基包装和配件,重音和越野照明,开关、继电器,牵引产品和绞车,电子产品,诊断工具,发动机罩和排气口,汽车车灯,Lights, Bulbs & Indicators,垫圈,内饰配件,真空吸尘器零件和配件,发动机冷却和气候控制,扫描仪和配件,冰雪,外装配件,汽车座套、坐垫,轮胎、轮毂工具,配件,整理收纳箱,女婴,汽车零件,手动工具,贴纸、贴花,现场扩声及灯光设备,照明和吊扇,吸尘器和地板护理,吸尘器和地板护理,电动工具",高销量
福建省古田县大兴进出口有限公司,古田县城东北路一支路38号3楼,https://logistics.tungee.com/enterprise-details/37623016b73f3785/enterprise-information/basic-information,,"美国站,加拿大站,英国站,德国站,荷兰站,意大利站,法国站,西班牙站,比利时站,波兰站,瑞典站,墨西哥站,巴西站,土耳其站",37623016b73f3785,"窝及家具,小宠窝及窝用品,家禽养护,服饰及配件,小宠窝及窝用品,爬行、两栖动物用品,小宠窝及窝用品,花盆、花架、育苗盘,狗房及笼子,门洞、台阶、围栏,玩沙玩具,鸟类用品,狗房及笼子,田园工具及设备,小宠用品,装饰用品,猫,建筑材料,手动园艺工具,室外储物,喂食、喂水用具,泳池及水上乐园",高销量
淄博汉王工贸有限公司,山东省淄博市张店区公园街道办事处共青团西路122号中关村科技城二期606室,https://logistics.tungee.com/enterprise-details/37622fc4de053502/enterprise-information/basic-information,,"美国站,加拿大站,英国站,德国站,墨西哥站,日本站,荷兰站,意大利站,法国站,西班牙站,比利时站,波兰站,瑞典站,土耳其站",37622fc4de053502,"蜡烛制作,制陶工艺,肥皂制品,节日饰品,家用电池,制作,烘焙用品,制作,厨房和餐厅,制作,烘焙用品,制作,手套和防护用具,制作,花盆、花架、育苗盘,制陶工艺,珠宝铸造用品,手动工具,咖啡用品,圣诞袜,儿童洗澡用品,浴室用具配件,蜡烛、烛台、烟灰缸,烘焙用品,香薰、香氛,手动工具,田园工具及设备,烘焙用品,钟表五金件,家居装饰,织物绘画和染色,香薰、香氛,餐厨布艺,家居装饰,玩具和游戏,艺术品、工艺品和缝纫用品,小型健身用品,蜡烛、烛台、烟灰缸,台灯,炊具,珠饰、首饰制作用品,烘焙用品,家用清洁剂,蜡烛制作,厨房和餐厅,男士饰品,邮箱及配件,办公用品,厨用小工具,田园工具及设备,饰面、密封剂和着色剂,手动工具,家居装饰,台灯,珠饰、首饰制作用品,家居装饰,其他运动,家居装饰,建筑材料,烘焙用品,餐具,烘焙用品,炊具,织物绘画和染色,美术用具,建筑材料,玩具和游戏,制作,电焊工具,花盆、花架、育苗盘,绘画用品和工具,洗碗机专用,珠饰、首饰制作用品,工艺用品,桌上用品,珠饰、首饰制作用品,家居、厨具、家装,日用清洁,厨用小工具,粘胶紧固用品,手动工具,绘画,浴室淋浴剂,力量训练器械,电工,厨房保鲜、收纳,男鞋,厨房和餐厅",高销量
深圳市景欣泰家居用品有限公司,深圳市光明区玉塘街道田寮社区根玉路与南明路交汇处宏奥工业园厂房7栋201-301,https://logistics.tungee.com/enterprise-details/3763276ca4269434/enterprise-information/basic-information,18676396572,"美国站,德国站,英国站,墨西哥站,荷兰站,意大利站,法国站,西班牙站,比利时站,波兰站,瑞典站,土耳其站",3763276ca4269434,"电池、充电器,电池、充电器,手机配件",高销量
深圳市巅峰科技股份有限公司,深圳市南山区招商街道水湾社区蛇口兴华路南海意库1栋207,https://logistics.tungee.com/enterprise-details/3762301b3e7f37a2/enterprise-information/basic-information,13603062073,"美国站,加拿大站,墨西哥站,巴西站,阿联酋站",3762301b3e7f37a2,"动力传输产品,发电机和便携式电源,计算机及配件,太阳能和风力发电,太阳能和风力发电,发电机和便携式电源,户外电动工具,发电机配件,电池及配件,配件,厨房用品,替换件和配件,控制和指示器",高销量
江苏东方乐器有限公司,涟水县成集乡成集村,https://logistics.tungee.com/enterprise-details/37622fda21c5386c/enterprise-information/basic-information,18036850626,"美国站,加拿大站,英国站,德国站,墨西哥站,日本站,荷兰站,意大利站,巴西站,法国站,西班牙站,新加坡站,比利时站,波兰站,瑞典站,土耳其站",37622fda21c5386c,"木管乐器,吹奏乐器,特色木管乐器,麦克风配件,特色打击乐器,益智、科教玩具,乐队和管弦乐队,乐器,木管乐器,麦克风,乐器,特色键盘乐器,特色键盘乐器,木管乐器,乐器配件,Blues,传记,Hair Care",高销量
深圳市百事特体育用品有限公司,深圳市龙岗区平湖街道良安田社区振兴路10号B栋(平湖良安田388工业区),https://logistics.tungee.com/enterprise-details/3762300f597f3fc5/enterprise-information/basic-information,13670086036,"美国站,加拿大站,英国站,德国站,墨西哥站,日本站,意大利站,法国站,西班牙站,比利时站,瑞典站,荷兰站,波兰站,土耳其站",3762300f597f3fc5,"运动,运动与健身,高尔夫,其他运动,高尔夫,高尔夫,庭院鸟类及野生动物饲养用品,小型健身用品",高销量
盯盯拍(深圳)技术股份有限公司,深圳市南山区西丽街道西丽社区打石一路深圳国际创新谷八栋A座2801,https://logistics.tungee.com/enterprise-details/37622fd3f585363c/enterprise-information/basic-information,,"美国站,德国站,墨西哥站,巴西站,西班牙站,阿联酋站",37622fd3f585363c,"汽车电子、电器,安全和监控,手机配件,汽车保养,配件,车辆电子配件,摄影摄像,车辆电子配件",高销量
濮阳市恩沃德新材料有限公司,河南省濮阳市中原路与安凯路交叉口南100米电子商务产业园D区A1楼5层6511号,https://logistics.tungee.com/enterprise-details/37623020c3bf3350/enterprise-information/basic-information,13503932676,"美国站,英国站,德国站,比利时站,瑞典站,墨西哥站,荷兰站,意大利站,法国站,西班牙站,波兰站,土耳其站",37623020c3bf3350,"清洁工具,Cleaning Supplies,车库收纳,家居和厨房,便携式音箱和接口盒,Janitorial Supplies for business,清洁工具,厨房和餐厅,影棚设备,配件,儿童房间装饰品,家居装饰,厨房和餐厅,发饰",高销量
深圳市华科莱特电子有限公司,深圳市宝安区西乡街道固戍社区茶西三围工业区第1号五楼,https://logistics.tungee.com/enterprise-details/37622fc81f0532f6/enterprise-information/basic-information,13715345352,"美国站,加拿大站,英国站,德国站,荷兰站,意大利站,巴西站,法国站,西班牙站,比利时站,波兰站,瑞典站,土耳其站,墨西哥站",37622fc81f0532f6,"户外照明灯,新奇灯饰,灯具配件,嵌入式灯具,顶灯,电工,照明和吊扇,照明和吊扇,光源,壁灯,嵌入式灯具,电工,新奇灯饰,台灯,配件,壁灯,户外照明灯,户外照明灯,顶灯,节日灯饰,邮箱及配件,金属与合金,电脑组件,节日灯饰,户外照明灯,摄影摄像,灯具配件,照明和吊扇,计算机及配件,电工,电气接头,电线、适配器和多孔式插座,照明和吊扇,光源,摄影摄像,手动工具,劳保用品,卫浴用品",高销量
深圳市高贝电子有限公司,深圳市宝安区航城街道三围社区航空路丰润楼302,https://logistics.tungee.com/enterprise-details/37622fc2e7c5354a/enterprise-information/basic-information,,"美国站,德国站,墨西哥站,意大利站,巴西站,西班牙站",37622fc2e7c5354a,"围兜和饱嗝布,消防器材,家用报警器,安抚奶嘴及配件,美甲工具,手机配件,女装,摄影摄像,劳保用品,男士,助行用品,喂养用品,车轮,手机配件,剃须和脱毛,配件,面部护理工具",中等销量
青岛昌达发制品有限公司,山东省青岛市李沧区书院路60号5楼503室,https://logistics.tungee.com/enterprise-details/3762302a0a7f323e/enterprise-information/basic-information,13869861523,"美国站,英国站,巴西站,加拿大站,德国站,墨西哥站,荷兰站,意大利站,法国站,西班牙站,比利时站,波兰站,瑞典站",3762302a0a7f323e,"假发,假发,假发,发饰,假发,化妆工具,美发护发,美发护发,假发,美容和个人护理,头发造型",高销量
洛阳信成精密机械有限公司,洛阳市老城区唐宫东路256号,https://logistics.tungee.com/enterprise-details/37622fd1784533e1/enterprise-information/basic-information,13838853419,"美国站,加拿大站,墨西哥站,日本站,巴西站",37622fd1784533e1,"工艺用品,手动工具,Malibu,手动工具,手动工具,工具配件,家装工具,珠饰、首饰制作用品,珠饰、首饰制作用品,工业工具,焊接设备,切割工具,控制电缆,工具配件,焊接,电动工具,制作,手动工具,焊接设备,电动工具,劳保用品,柜橱五金件,衣物清洁,邮箱及配件,电动工具,电动工具,电动工具,工业电动工具,家居装修,螺母,紧固件,电焊工具,电动工具,电动工具,旋钮和手轮,手工测量工具,激光测量设备及配件,工具配件,裁切和测量设备,金属与合金,滤清器,工业与科研用品,压力、真空,螺纹丝锥,材料处理用品,手动工具,电焊工具,打扫用品,螺母,批头,手动工具,切割工具,实验室及科研用品,电动工具,办公用品,摄影摄像,轴承,汽车保养,艺术品、工艺品和缝纫用品,工具收纳,传送带,铰链,其他办公设备,室外储物,家装工具,管件、管道和软管,打印机和配件,灯具配件,工具配件,工业与科研用品,轮,光电产品,原材料,清洁工具,五金,管件、管道和软管,试电笔,家居装修,电焊工具,家用清洁剂,牵引、升降设备,切割工具,尺寸测量,电动工具,电动机,标记工具,蚀刻,维修工具,制作,吸尘器,手动工具,手动工具,运动,劳保用品,挡圈,男士",中等销量
广东膳道厨具有限责任公司,阳江市阳东区东城镇裕东六路35号(住所申报),https://logistics.tungee.com/enterprise-details/37622fdb17053dfe/enterprise-information/basic-information,13318565337,"美国站,加拿大站,英国站,德国站,墨西哥站,意大利站,巴西站,法国站,西班牙站,阿联酋站,波兰站,阿拉伯站,荷兰站,比利时站,瑞典站,土耳其站",37622fdb17053dfe,"咖啡用品,厨用小工具,厨用小工具,厨房和餐厅,Kitchen & Dining,厨用小工具,厨用小工具,厨房和餐厅,厨用小工具,厨用小工具,厨用小工具,厨用小工具,餐具,厨用小工具,厨用小工具,厨用小工具,厨用小工具,家居、厨具、家装,厨房电器,咖啡用品,厨用小工具,厨用小工具,厨房和餐厅,家居、厨具、家装,Outdoor Cooking Tools & Accessories,厨用小工具,厨用小工具,厨房保鲜、收纳,Outillage à main et  lectroportatif,五金,厨房和餐厅,手动工具,烤炉配件,Storage & Organization,衣物清洁,战术和个人防御,炊具,挂钩、粘钩",高销量
深圳市峰华科技有限公司,深圳市南山区西丽街道大勘工业二路19号A栋502,https://logistics.tungee.com/enterprise-details/37622fd0b5053c68/enterprise-information/basic-information,13510493097,"美国站,加拿大站,英国站,德国站,墨西哥站,日本站,荷兰站,意大利站,巴西站,法国站,西班牙站,比利时站,波兰站,瑞典站,土耳其站",37622fd0b5053c68,"演示板,标签与指示牌,配件,外设产品,手机配件,保护壳、保护套,劳保用品,存储,安防劳保与清洁,S curit ,标签与指示牌,Office & School Supplies,存储,计算机及配件,办公设备,摄影摄像,外设产品,包装标签和标记,咖啡用品,配件,电脑组件,电子,诊断、筛查,手机配件,点火系统及配件,健身包,标签与指示牌,计算机及配件,数据线和适配器,其他办公设备,桌上用品,日常办公用品,电工,办公用品,Nintendo Switch及配件,电子,商用门禁控制,上锁和挂牌产品,汽车电子、电器,网络设备,摄影摄像,商用门禁控制,工业测量仪器,Forniture per imballaggio e spedizione,安全和监控,电子,工业与科研用品,纸张,计算机及配件",高销量
深圳远东哲仕科技有限公司,深圳市龙华区观澜街道君子布社区环观南路47号厂房四201,https://logistics.tungee.com/enterprise-details/376327700e269677/enterprise-information/basic-information,13652410419,"美国站,加拿大站,英国站,德国站,墨西哥站,荷兰站,意大利站,法国站,西班牙站,比利时站,波兰站,瑞典站,土耳其站",376327700e269677,"工具配件,手动工具,餐厨布艺",高销量
成都福誉科技有限公司,中国(四川)自由贸易试验区成都市双流区西南航空港经济开发区物联二路288号,https://logistics.tungee.com/enterprise-details/37623020693f3d73/enterprise-information/basic-information,18030890390,"美国站,加拿大站,英国站,德国站,墨西哥站,荷兰站,意大利站,法国站,西班牙站,比利时站,波兰站,瑞典站",37623020693f3d73,"直线运动产品,直线运动产品,直线运动产品,3D打印机零件和配件,动力传输产品,工业电动工具,增材制造产品,3D打印机零件和配件,吉他和贝斯配件,直线运动产品",中等销量
福州禾众贸易有限公司,福州市鼓楼区五四路89号置地广场写字楼六楼,https://logistics.tungee.com/enterprise-details/37622fbe2e0532e4/enterprise-information/basic-information,13003883709,"美国站,英国站,德国站,荷兰站,意大利站,巴西站,法国站,西班牙站,比利时站,波兰站,瑞典站,加拿大站,墨西哥站",37622fbe2e0532e4,"男童鞋,男童鞋,男童鞋,男童鞋,女童鞋,女童鞋,男童鞋,女婴,女童鞋,女童鞋,男童鞋,时尚,Niño,男宝专区,男童鞋,男鞋,男鞋,男鞋,男鞋,Kids Shoes,Dziewczęta,男鞋",高销量
洛阳源氏食品有限公司,宜阳县产业集聚区食品专业园李贺大道和香山路交叉口,https://logistics.tungee.com/enterprise-details/3762300c007f38ce/enterprise-information/basic-information,18137999759,"美国站,加拿大站,墨西哥站,日本站,巴西站",3762300c007f38ce,"食品礼盒,休闲零食,零食和糖果,橄榄、酱菜和咸菜,汤羹罐头,休闲零食,素食蛋白质,新鲜面团和酱汁,食品礼盒,熟食,酒,各色美食,酒,饮料糖浆和浓缩液",高销量
深圳壹秘科技有限公司,深圳市光明区凤凰街道观光路3009号招商局光明科技园A6栋2C单元,https://logistics.tungee.com/enterprise-details/37623010be7f34c3/enterprise-information/basic-information,18018711250,"美国站,加拿大站,英国站,德国站,墨西哥站,荷兰站,意大利站,法国站,西班牙站,阿联酋站,新加坡站,波兰站,瑞典站,土耳其站,巴西站,比利时站",37623010be7f34c3,"无线电收发器,外设产品,摄影摄像,配件,电话机及配件,配件,配件,导航仪配件,便携式音箱和接口盒,笔记本配件,运动,男士钟表,视频,运动用品,助行用品,配件,小型健身用品,益智、科教玩具,数码影音,GPS导航、配件,成人情趣玩具和游戏,Men,骑行,三脚架、云台,计算机及配件,服装,男士,配件,网络设备,音箱,家居、厨具、家装,保护壳、保护套,运动及手持  GPS,耳机及配件,玩具和游戏,MP3播放器配件,运动,外设产品,运动用品,女士,沐浴,电话配件,计算机及配件,演示板,DJ、VJ设备,办公设备,安全和监控,视频",高销量
深圳市海贝利科技有限公司,深圳市福田区华强北街道福强社区华强北路1078号现代之窗A座、B座A座8B,https://logistics.tungee.com/enterprise-details/3762301e79bf3b7b/enterprise-information/basic-information,,"美国站,加拿大站,日本站,墨西哥站,巴西站",3762301e79bf3b7b,"外设产品,电脑组件,计算机及配件,外设产品,计算机及配件,配件,计算机及配件",高销量
广州市飞常工艺制品有限公司,广州市白云区均禾街罗岗七星岗工业路109号2栋1单元202房,https://logistics.tungee.com/enterprise-details/37622fc648853d5e/enterprise-information/basic-information,13925157912,"美国站,英国站,墨西哥站,荷兰站,巴西站,法国站,西班牙站",37622fc648853d5e,"男装,男士,箱包,Women's fashion Made in Italy,男装",中等销量
江苏宝翔体育器材有限公司,金湖县银集镇人民路2号,https://logistics.tungee.com/enterprise-details/37622ffd463f378c/enterprise-information/basic-information,13852312040,"美国站,荷兰站,巴西站,比利时站,英国站,德国站,墨西哥站,意大利站,法国站,西班牙站,波兰站,瑞典站",37622ffd463f378c,"玩具套装和游乐器材,其他运动,运动户外,运动场设备,小型健身用品,运动休闲与游戏装备",中等销量
惠州市瑞元科技有限公司,惠州市惠城区惠州大道20号赛格假日广场16层04号,https://logistics.tungee.com/enterprise-details/37622fdae985333b/enterprise-information/basic-information,13422922300,"美国站,英国站,德国站,日本站,荷兰站,意大利站,法国站,西班牙站,比利时站,波兰站,瑞典站,土耳其站,加拿大站",37622fdae985333b,"配件,安全和监控,汽车电子、电器,汽车电子、电器,扫描仪和配件,电子,点火系统及配件,GPS导航、配件,汽车电子、电器,发动机工具及设备,汽车外饰,摄影摄像,照明和电气,汽车零件,汽车车灯,轮胎,配件,电子点火,汽车内饰,电子元器件,男鞋,计算机及配件,儿童安全座椅配件,车辆电子配件,电视机、录音机,手机配件,摩托车零件及配件,Electronique embarqu e,房车电动工具",高销量
绍兴运佳纺织品有限公司,浙江省绍兴市柯桥区安昌街道创意路99号3幢505室,https://logistics.tungee.com/enterprise-details/577e3c3ae67214db/enterprise-information/basic-information,13867505298,"美国站,加拿大站,墨西哥站,荷兰站,意大利站,巴西站,法国站,西班牙站,波兰站",577e3c3ae67214db,"床上用品,男装,男装,服装,配件,安防劳保与清洁,男士,危险物质处理,男装,女装,安防劳保与清洁,安全标志和信号,Masculino,皮具箱包,女装,毯子、盖毯,男装,床上用品,Chambre de b b ,箱包,床上用品,男子,男宝专区,床上用品,床上用品",中等销量
深圳市惠德贵科技开发有限公司,深圳市龙岗区龙岗街道龙西社区龙西鸿倡发工业园1栋厂房4层,https://logistics.tungee.com/enterprise-details/37623018bd7f31e1/enterprise-information/basic-information,15710833458,"美国站,英国站,德国站,墨西哥站,日本站,荷兰站,意大利站,法国站,西班牙站,比利时站,波兰站,瑞典站,阿拉伯站,土耳其站",37623018bd7f31e1,"节日聚会用品,外设产品,制作,配件,传记,装饰品,装饰品,节日聚会用品,艺术和娱乐,美术用具,计算机及配件,外设产品,电视配件,制陶工艺,空调,外设产品,电脑组件,婴幼玩具,儿童房间装饰品,厨房和餐厅,制作,咖啡用品,Computadoras, Componentes y Accesorios,过家家,圣诞装饰品,绘画,珠饰、首饰制作用品,计算机及配件,艺术品,织物绘画和染色,健身玩具、健身架,绗缝用品,装扮与饰品,身体,木偶、手偶,家居装饰,户外照明灯,外设产品,咖啡用品,耳机及配件,拼插类玩具,Attività creative,幼儿玩具,手动工具,Vehicle Electronics Accessories,耳机,外设产品,标签与指示牌,计算机及配件,D corations et accessoires de fêtes,手工套装",高销量
浦江县晶迪水晶有限公司,浙江省浦江县中部水晶集聚区第11幢第1、2层,https://logistics.tungee.com/enterprise-details/37622fe205453322/enterprise-information/basic-information,13706891004,"美国站,加拿大站,德国站,墨西哥站,荷兰站,意大利站,巴西站,法国站,西班牙站,波兰站,英国站,比利时站,瑞典站,土耳其站",37622fe205453322,"柜橱五金件,柜橱五金件,邮箱及配件,桌上用品,演示板,家居装饰,节日聚会用品,厨房和餐厅,雕塑、雕像,五金,珠饰、首饰制作用品",中等销量
合肥布诺太阳能科技有限公司,安徽省合肥市蜀山区白莲岩路与振兴路交口东南角联东U谷蜀山国际企业港7-02号楼,https://logistics.tungee.com/enterprise-details/37622fff2b7f3226/enterprise-information/basic-information,18715415323,"美国站,德国站,墨西哥站,荷兰站,意大利站,法国站,西班牙站,波兰站,瑞典站,英国站,巴西站",37622fff2b7f3226,"汽车零件,燃料供应,零件,发动机冷却和气候控制,手动工具,零件,内燃机及配件,启动器和交流发电机,工具配件,太阳能和风力发电,家装工具,滤清器,点火系统及配件,点火系统及配件,替换件和配件,转向系统,制热、制冷设备和空气净化器,弹簧,滤清器,发动机冷却和气候控制,开关、继电器,零件,汽车外饰,燃料供应,燃料供应,手动工具,汽车用品,汽车零件,配件,Cortadoras y Herramientas El ctricas,控制和指示器,替换件和配件,发动机冷却和气候控制,传送带,开关、继电器,照明总成和配件,发动机冷却和气候控制,汽车用品,Partes y Refacciones,转向和悬架,驱动及传动,零件,Malibu,电气测试,驱动及传动,零件,车辆维修车间设备,农业和工程机械,燃料供应,维修工具,照明和电气,传送带,传感器,刹车系统,液压工具,燃料供应,汽车,液压、气动和水管,传感器,Headlight Assemblies, Parts & Accessories,照明总成和配件,外设产品,壁纸和墙纸用品,维修工具,手套和防护用具,汽车内饰,水上运动,电脑游戏配件,摄影摄像,驱动及传动,现场扩声及灯光设备,净水设备,汽车零件,摩托车零件及配件,建筑材料,信封与邮寄用品,转向和悬架,加热器及配件,浇灌工具,动力传输产品,电动机,螺栓,驱动及传动,管件、管道和软管,Replacement Parts & Accessories,发动机冷却和气候控制,汽车用品,排气系统,零件,刹车系统,液压工具,传感器,汽车座套、坐垫,警告灯和应急灯,重型商用车零件,配件,滤清器,空调工具及设备,汽车零件,汽车零件,排气系统管道及装置",高销量
无锡市世纪风服饰有限公司,无锡新吴区城南路208号,https://logistics.tungee.com/enterprise-details/37622fe8ea45384b/enterprise-information/basic-information,,"美国站,加拿大站,墨西哥站,日本站,巴西站",37622fe8ea45384b,"配件,配件,男士,女装,其他运动,自行车服,男士,女装,女装,Masculino,女装,男士,男士饰品,女装,Women's fashion Made in Italy,徒步和户外休闲,自行车服,配件,女士,女士,团队运动,女装,配件,跑步服,运动户外服饰,箱包,男童服装,男童服装,服装,劳保用品,Swimwear TEST,男装,职业和物理疗法辅助用品,女装,Boys' Athletic & Outdoor Clothing,体育专用服装,男装,跑步服,女装,体育专用服装,时尚,Women,男士,运动,配件,Ropa Específica Deportiva,打猎",中等销量
广东竣凯电器有限公司,中山市小榄镇升平东路1号2601房-1(住所申报),https://logistics.tungee.com/enterprise-details/37622ff5507f36fe/enterprise-information/basic-information,13360140821,"美国站,加拿大站,英国站,德国站,荷兰站,意大利站,巴西站,法国站,西班牙站,比利时站,波兰站,瑞典站,土耳其站,墨西哥站,澳大利亚站",37622ff5507f36fe,"热水器,水暖,水泵,露营、徒步,Plumbing,烤炉配件,建筑材料,熏烤设备,Hydraulika,户外烹饪替换件,运动,水暖,配件,火炉和户外壁炉,取暖炉、壁炉,露营、徒步,彩弹,卫浴用品,范围、烤箱和炉灶,零件,卫浴用品,烧烤用具,划船和帆船,火炉和户外壁炉,庭院、草坪和园艺,发动机工具及设备,车载应急电源、电池充电器和便携电源,大家电,水上运动,户外休闲,水暖,取暖炉、壁炉,范围、烤箱和炉灶,大家电,管件、管道和软管,发动机冷却和气候控制,零件,汽车外饰,烧烤用具,取暖器,手工测量工具,卫浴用品,内部,泵,零配件,壁炉和配件,池塘、喷泉,发动机冷却和气候控制,运动户外服饰,工具配件,照明和电气,房车及配件,体育,汽车零件,汽车零件,烤炉配件,女装",高销量
深圳市欧赛科技有限公司,深圳市龙华区龙华街道三联社区锦华发工业园3栋硅谷大院T1栋603,https://logistics.tungee.com/enterprise-details/37622ffddf7f331b/enterprise-information/basic-information,18028796217,"美国站,加拿大站,英国站,日本站,墨西哥站,巴西站",37622ffddf7f331b,"电池及配件,排气系统,配件,家用电池",中等销量
金华市东正进出口有限公司,浙江金东经济开发区东港北街466号办公大楼,https://logistics.tungee.com/enterprise-details/37622fc60c4533c2/enterprise-information/basic-information,,"美国站,加拿大站,英国站,德国站,墨西哥站,日本站,荷兰站,意大利站,巴西站,法国站,西班牙站,比利时站,波兰站,瑞典站,土耳其站",37622fc60c4533c2,"织物绘画和染色,编织、钩针编织用品,剪贴、压印,储物和家具,演示板,制作,绗缝用品,工艺用品,剪贴、压印,手工套装,概念,概念,咖啡用品,工艺用品,珠饰、首饰制作用品,收纳与整理,缝纫、针织用品,家用电池,针线,制陶工艺,缝纫、针织用品,珠饰、首饰制作用品,编织、钩针编织用品,制作,箱子、储物和运输,缝纫、针织用品,节日装饰物收纳,镶边、装饰,储物和家具,办公设备,概念,家具,刺绣用品,书籍封皮及配件,镶边、装饰,针线,镶边、装饰,花瓶、装饰瓶、花艺,针线,装饰字画,收纳篮、箱子、盒子,男士,日常办公用品,餐厨布艺,概念,家居装饰,冲针和地毯冲,马赛克制作,绗缝用品,手工套装,制作,收纳与整理,耳机及配件,工艺用品,纸张,十字绣,学校用品,表单、记录和钱币管理,美术用具,衣柜收纳,桌上用品,家用电池,概念,概念,伍德工艺,缝纫、针织用品,真空吸尘器零件和配件,编织、钩针编织用品,艺术品、工艺品和缝纫用品,串珠用品,串珠用品,美术用具,节日饰品,衣柜收纳,绘画、DIY制作",高销量
青岛明益安全用品有限公司,山东省青岛市崂山区海尔路63号2号楼703户,https://logistics.tungee.com/enterprise-details/37622fcd1bc53dea/enterprise-information/basic-information,15066792689,"美国站,英国站,德国站,荷兰站,意大利站,法国站,西班牙站,比利时站,波兰站,瑞典站,土耳其站,加拿大站,墨西哥站",37622fcd1bc53dea,"男士饰品,化妆工具,时尚,皮具箱包,女鞋,男士,男鞋,制服、工作服和防护服",高销量
广州乐森馨品电子有限公司,广州市白云区均禾街罗岗七星岗路15号A401房,https://logistics.tungee.com/enterprise-details/3916323bb0eb5b44/enterprise-information/basic-information,18998434579,"美国站,阿联酋站,加拿大站,墨西哥站,巴西站",3916323bb0eb5b44,"面部护理工具,美甲,手机配件,咖啡用品,配件,按摩工具和设备,外设产品,手机配件,面部护理工具,吸尘器",中等销量
深圳市凯尔达科技有限公司,深圳市宝安区西乡街道办铁岗居委会益成工业园A栋3楼G区,https://logistics.tungee.com/enterprise-details/37622fb80d8539aa/enterprise-information/basic-information,13823735000,"美国站,加拿大站,德国站,墨西哥站,荷兰站,意大利站,巴西站,法国站,西班牙站,波兰站,瑞典站,英国站",37622fb80d8539aa,"汽车电子、电器,配件,安全和监控,电子,导航仪配件,汽车电子、电器,车辆电子产品,点火系统及配件,手机配件,电子,网络设备,发动机工具及设备,GPS导航、配件,汽车用品,汽车外饰,整理收纳箱,拼图",高销量
深圳市聚美堂科技有限公司,深圳市龙岗区平湖街道上木古社区平新北路103号北面306,https://logistics.tungee.com/enterprise-details/37623021c53f32e9/enterprise-information/basic-information,18923817597,"美国站,加拿大站,英国站,德国站,墨西哥站,意大利站,法国站,西班牙站,荷兰站,比利时站,波兰站,瑞典站",37623021c53f32e9,"壁灯,制作,狗用品,狗狗,户外照明灯,空调,毯子、盖毯,家居装饰,饰品配件,Chiens,壁灯,家居装饰,镜子和放大镜,餐厨布艺,女装,相册、相框和配件,儿童房间装饰品,配件,家居装饰,男士,圣诞装饰品,马赛克制作,节日饰品,户外照明灯,挂钩、粘钩,圣诞袜,装饰字画,新奇灯饰,男士饰品,家居装饰,花瓶、装饰瓶、花艺,节日饰品,猫用品,照明,配件,抱枕靠垫,床上用品,育婴房装饰,绘画,儿童房间装饰品,演示板,针线,Women's fashion Made in Italy,节日饰品,体操服,光源,Gifts,新奇灯饰,户外照明灯,咖啡用品,男装,纸张,油漆涂料与墙纸,女士饰品,Bedding,家居装饰,抱枕靠垫,学校用品,拼图,手工套装,收纳用品,家居装饰,雕塑、雕像,Lighting & Ceiling Fans,厨房和餐厅,家居、厨具、家装,无线电收发器,装饰字画,艺术和娱乐,吸尘器,新生儿纪念收藏品,喂食及饮水用具,床上用品,运动户外服饰,厨用小工具,狗狗,户外饰品,真空吸尘器零件和配件,Novelty,照明和吊扇,育婴房装饰,育儿室,圣诞袜,台灯,新奇灯饰,厨房保鲜、收纳",高销量
永康市莱米工贸有限公司,浙江省永康市西城街道藻塘村,https://logistics.tungee.com/enterprise-details/37623025713f34b9/enterprise-information/basic-information,,"美国站,加拿大站,墨西哥站,日本站,巴西站",37623025713f34b9,"劳保用品,制服、工作服和防护服,男士饰品,安防劳保与清洁,露营、徒步,手电筒,职业安全与防护,劳保用品,Correr,健身包,安防劳保与清洁,其他运动,配件,女装,女装,Proteção e Segurança,水上运动,男装,户外休闲,女童服装,男装,男装,皮具箱包",高销量
宁波百乐文具制造有限公司,浙江省慈溪市观海卫镇工业园区东区淹浦江路10、11号,https://logistics.tungee.com/enterprise-details/37622fb8cd853bc7/enterprise-information/basic-information,13175976652,"美国站,加拿大站,英国站,墨西哥站,巴西站,德国站,荷兰站,意大利站,法国站,西班牙站,比利时站,波兰站,瑞典站",37622fb8cd853bc7,"书写工具,书写工具,纸张,演示板,书写工具,其他办公设备,日常办公用品,办公设备,美术用具",高销量
深圳市中鹏程智能科技有限公司,深圳市南山区南海大道新能源大厦第二层北端部分(2#)1A01,https://logistics.tungee.com/enterprise-details/37622fdd0805375d/enterprise-information/basic-information,,"美国站,加拿大站,英国站,德国站,墨西哥站,荷兰站,意大利站,法国站,西班牙站,比利时站,波兰站,瑞典站,土耳其站,巴西站",37622fdd0805375d,"花盆、花架、育苗盘,手套和防护用具,花盆、花架、育苗盘,相册、相框和配件,空调,餐厨布艺,织物绘画和染色,爬行、两栖动物用品,家居装饰,制作,田园工具及设备,节日饰品,家居装饰,装饰品,花盆、花架、育苗盘,家居装饰,文具,家居和厨房,制陶工艺,家居装饰,花盆、花架、育苗盘,装饰品,饰品配件,演示板,家居装饰,花瓶、装饰瓶、花艺,花瓶、装饰瓶、花艺,咖啡用品,家居、厨具、家装,Cocina,收纳与整理,雕塑、雕像,派对用品,咖啡用品,圣诞装饰品,圣诞袜,家居、厨具、家装,家居装饰,花盆、花架、育苗盘,小宠用品,办公礼品包装,雕塑、雕像,花瓶、装饰瓶、花艺,纸张,装饰用品",高销量
永康市东凌运动器材有限公司,浙江省金华市永康市经济开发区唐山路98号第一幢第3楼,https://logistics.tungee.com/enterprise-details/577d832018b2129e/enterprise-information/basic-information,13858949810,"美国站,荷兰站,意大利站,法国站,西班牙站,比利时站,英国站,德国站,墨西哥站,巴西站,波兰站,瑞典站,土耳其站",577d832018b2129e,"轮滑、滑板、滑板车,书写工具,书写工具,厨房和餐厅,美甲,T l phones portables et accessoires,其他运动,Foot, Hand & Nail Care,露营、徒步,咖啡用品,概念,手机配件,小型健身用品,粘胶紧固用品,玩具,配件,真空吸尘器零件和配件,节日聚会用品,烘焙用品,邮箱及配件,演示板,服饰及配件,运动,露营、徒步,户外照明灯,野餐篮、庭院桌和配件,皮具箱包,浴室用品,Caf , th  et expresso,挂饰、项圈、牵引带,烘焙用品,S curit ,服饰及配件,玩具,洗晒熨,Rasage et  pilation,收纳用品,椅子、长凳,抱枕靠垫,美甲工具,尿裤及更换用品,办公家具,节日饰品,儿童洗澡用品,玩具和游戏,手工套装,小宠用品,服饰及配件,摄影摄像,汽车外饰,床及家具,Rasage et  pilation,骑行,烘焙用品,男士,猫砂及清洁用品,Sant  et premiers soins,假发,露营、徒步,运动与健身,狗用品,制陶工艺,浇灌工具,Rasage et  pilation,饰品配件,Piscines, bains à remous et accessoires,粘胶紧固用品,狗狗,牵引及项圈,小宠窝及窝用品,猫用品,配件,户外饰品,狩猎与垂钓,挂饰、项圈、牵引带,露营、徒步,计算机及配件,儿童安全座椅配件,宠物用品,配件及用品,B b ,鸟类用品,T l phones portables et accessoires,直线运动产品,酿酒用具,玩具,内饰配件,Toilette de b b ,桌上用品,摄影摄像,缝纫机零配件,节日饰品,Sant  et premiers soins,收纳用品,手动工具,桌上用品,烘焙用品,炊具,童车、推车及配件,节日装饰物收纳,台灯,外设产品,配件,餐厨布艺,家用治疗仪,咖啡用品,书写工具,厨房和餐厅,手套和防护用具,育婴家具及寝居用品,装饰品,衣柜收纳,男士饰品,厨用小工具,女士饰品,肥皂制品,工具和配件,床上用品,男士,男宝专区,收纳与整理,家居装饰,艺术品、工艺品和缝纫用品,烘焙用品,家居和厨房,床上用品,绘画、DIY制作,衣柜收纳,女婴,家用电池,保健护具,化妆工具,玩具和游戏,运动,织物绘画和染色",高销量
浙江锦灏太阳能科技有限公司,浙江省宁波市江北区洪兴路5号10幢2楼,https://logistics.tungee.com/enterprise-details/37623005113f378c/enterprise-information/basic-information,,"美国站,加拿大站,墨西哥站,日本站,巴西站",37623005113f378c,"户外照明灯,户外照明灯,户外照明灯,户外照明灯,厨用小工具,节日灯饰,照明,户外照明灯,庭院套装,庭院套装,户外照明灯,照明和吊扇,服饰及配件,日用清洁,儿童房间装饰品,咖啡用品,家装工具,节日饰品,室外家具罩,庭院桌,节日灯饰,火炉和户外壁炉,椅子、长凳,节日饰品",高销量
深圳市誉峰物联有限公司,深圳市龙岗区坂田街道象角塘社区亿源通雪象工业厂区B栋五层508室,https://logistics.tungee.com/enterprise-details/37622fe73fc539eb/enterprise-information/basic-information,13724208194,"美国站,加拿大站,英国站,德国站,墨西哥站,荷兰站,意大利站,法国站,西班牙站,比利时站,波兰站,土耳其站,瑞典站",37622fe73fc539eb,"其他办公设备,办公设备,POS 设备,餐饮器具和餐具,零售展示架,Fournitures  lectroniques,配件,外设产品,打印机和配件,POS 设备,手机配件,标签与指示牌,办公设备,办公用品,电子,安全和监控,展示用品,配件",高销量
广州万方健医药有限公司,广州市高新技术产业开发区金峰园路3号综合楼三楼3-1,https://logistics.tungee.com/enterprise-details/37622ff6917f3a7f/enterprise-information/basic-information,15820269532,"美国站,加拿大站,英国站,墨西哥站,荷兰站,意大利站,巴西站,法国站,西班牙站,阿联酋站,比利时站,波兰站,瑞典站,德国站",37622ff6917f3a7f,"安全避孕,家用治疗仪,家用电池,Érotisme, sexe et sensualit ,职业和物理疗法辅助用品,香体剂和止汗剂,医疗器械,戒烟,成人情趣玩具和游戏,Suministros y equipamiento m dico,健康护理,家用体检用品,家用治疗仪,护理与喂养,营养素,健康检测,母乳喂养,Sant  et premiers soins,Érotisme, sexe et sensualit ,Repas de b b ,加热器及配件,实验室用品、耗材",高销量
台州市海瑞塑胶灯饰有限公司,浙江省台州市黄岩经济开发区江口中小园区,https://logistics.tungee.com/enterprise-details/37623017d63f3769/enterprise-information/basic-information,18267681588,"美国站,加拿大站,英国站,德国站,墨西哥站,日本站,荷兰站,意大利站,巴西站,法国站,西班牙站,比利时站,波兰站,瑞典站,土耳其站",37623017d63f3769,"节日饰品,节日灯饰,花环、花带装饰和垂花饰,花瓶、装饰瓶、花艺,户外照明灯,照明,圣诞装饰品,花瓶、装饰瓶、花艺,节日饰品,派对餐具,装饰品,家居装饰,节日饰品,户外假日装饰品,照明和吊扇,壁灯,家居装饰,户外照明灯,劳保用品,面部护肤,新奇灯饰,窗饰及配件,配件",高销量
四川蝗虫网络科技有限公司,中国(四川)自由贸易试验区成都高新区天府大道北段1700号1栋2单元12层1201号,https://logistics.tungee.com/enterprise-details/577e1c563fb21633/enterprise-information/basic-information,18617037520,"美国站,加拿大站,英国站,德国站,墨西哥站,荷兰站,意大利站,巴西站,法国站,西班牙站,比利时站,波兰站,瑞典站,土耳其站",577e1c563fb21633,"咖啡用品,厨房保鲜、收纳,热压机器配件,厨房和餐厅,厨房保鲜、收纳,餐具,喂食及饮水用具,版画,家居装饰,纸张、包装纸和袋子,热压机器配件,派对餐具,奶瓶用品,蜡烛、烛台、烟灰缸,制作,运动,喂食及饮水用具,圣诞袜,户外休闲,餐具,Small Appliance Parts & Accessories",高销量
温州诺华新能源有限公司,浙江省温州市乐清市经济开发区纬十一路238号,https://logistics.tungee.com/enterprise-details/37623007e7bf309d/enterprise-information/basic-information,,"美国站,加拿大站,英国站,德国站,墨西哥站,荷兰站,意大利站,法国站,西班牙站,波兰站,瑞典站,土耳其站,巴西站,比利时站",37623007e7bf309d,"试电笔,开关,HVAC,Électricit ,电工,插座和配件,Malibu,电工,劳保用品,光源,Électricit ,建筑材料,家用自动化设备,插座和配件,手套和防护用具,底盒,门用五金,浇灌工具,户外饰品,消防器材,田园工具及设备,户外照明灯,加湿器零配件,配件,职业和物理疗法辅助用品,邮箱及配件,开关,浇灌工具,S curit ,光源,控制和指示器,温湿度計,发电机和便携式电源,温湿度计,电工,庭院、草坪和花园用品,工业与科研用品,安防劳保与清洁,太阳能和风力发电,Électricit ,布线和连接,舞台灯光,电工,控制电缆,柜橱五金件,餐厨布艺,家用电池,装饰用品,水暖,水下摄影器材,健康用品,水泵,电气测试,增材制造产品,家用电池,安全和监控,视频监控,移动式插座和浪涌保护器,门用五金,气流、空气质量,安防劳保与清洁,电线、适配器和多孔式插座,Équipement  lectrique industriel,Mat riel et fournitures m dicales,儿童房间装饰品,安防劳保与清洁,动力传输产品,手动工具,摄影摄像,Instalación el ctrica,开关、继电器",高销量
深圳市澳立可商贸有限公司,深圳市龙岗区龙城街道新联社区如意路112号创盛达厂房408,https://logistics.tungee.com/enterprise-details/376230063d7f3b13/enterprise-information/basic-information,,"美国站,英国站,德国站,墨西哥站,荷兰站,意大利站,法国站,西班牙站,比利时站,波兰站,瑞典站,土耳其站",376230063d7f3b13,"控制和指示器,太阳能和风力发电,弹簧,试电笔,控制电缆,动力传输产品,手机配件,配件,网络设备,建筑材料,厨房电器,外设产品,发电机和便携式电源,电脑组件,太阳能和风力发电,Énergie solaire et  olienne,Dispositivos de red,温湿度计,手机配件,车载应急电源、电池充电器和便携电源,外设产品,发电机和便携式电源,R seaux",高销量
广州康滤净化科技有限公司,广州市番禺区大龙街富怡路451号之一2楼247号,https://logistics.tungee.com/enterprise-details/37622fc134453ac3/enterprise-information/basic-information,,"美国站,英国站,德国站,日本站,荷兰站,意大利站,巴西站,法国站,西班牙站,比利时站,波兰站,瑞典站,加拿大站,墨西哥站,土耳其站",37622fc134453ac3,"建筑材料,零件和配件,劳保用品,制热、制冷设备和空气净化器,劳保用品,制热、制冷设备和空气净化器,S curit ,零件,制热、制冷设备和空气净化器,诊断、筛查,真空吸尘器零件和配件,男士,戒烟,咖啡用品,消费性电子产品,安全标志和信号,吸尘器和地板护理",高销量
瑞安市百岸贸易有限公司,浙江省温州市瑞安市塘下镇万东路665号(汽摩配产业基地东区),https://logistics.tungee.com/enterprise-details/37623015ffbf3ce8/enterprise-information/basic-information,,"美国站,荷兰站,比利时站,波兰站,瑞典站,英国站,德国站,墨西哥站,意大利站,巴西站,法国站,西班牙站",37623015ffbf3ce8,"汽车零件,零件,汽车零件,传感器,传感器,安全和监控",中等销量
深圳富美达照明有限公司,深圳市宝安区石岩街道上屋社区北环路上排一工业区D栋厂房4楼,https://logistics.tungee.com/enterprise-details/37622ffbd13f3a17/enterprise-information/basic-information,13590149809,"美国站,加拿大站,英国站,德国站,墨西哥站,荷兰站,意大利站,巴西站,法国站,西班牙站,比利时站,波兰站,瑞典站,土耳其站",37622ffbd13f3a17,"手动工具,吸尘器和地板护理,餐厨布艺,真空吸尘器零件和配件,汽车用品,配件,手动工具,零件,HVAC,建筑材料,Malibu,制热、制冷设备和空气净化器,工具配件,轮胎,真空吸尘器零件和配件,零件,手套和防护用具,替换件和配件,点火系统及配件,邮箱及配件,试电笔,乙烯基包装和配件,零件,配件,家装工具,户外电动工具,零件,排气系统,布线和连接,配件,空气净化器,运动,零件,汽车零件,钟表配件,运动,转向和悬架,其他运动,工具配件,建筑材料,水泵,零件,手动园艺工具,电动工具,汽车零件,手动园艺工具,工具配件,工具配件,汽车用品,户外照明灯,骑行,零件和配件,外部护理,零件,小型健身用品,内燃机及配件,汽车车灯,安全与保障,制热、制冷设备和空气净化器,轮胎、轮毂工具,动力传动系统,汽车外饰,儿童安全座椅及配件,男装配饰,汽车零件,工具配件,零件,整修产品,配件,吸尘器和地板清洁机,工艺用品,真空吸尘器零件和配件,发动机工具及设备,制陶工艺,汽车零件,砂轮,建筑材料,照明总成和配件,零件,骑行,防晒,男士,替换件和配件,室外伞和遮阳伞,摩托骑行护具,扫描仪和配件,砂轮,制热、制冷设备和空气净化器,零件,汽车零件,汽车内饰,瑜伽,电子,地毯、地垫和保护剂,日用清洁,工具配件,清洁工具,锁具,制热、制冷设备和空气净化器,童车、推车及配件,汽车零件,油漆涂料与墙纸,户外电动工具,身体护理,汽车零件,收纳用品,壁纸和墙纸用品,家居和厨房,台灯,汽车内饰,露营、徒步,清洁工具,开关、继电器,相册、相框和配件,电动工具,吸尘器,吸尘器和地板护理,汽车电子、电器,刹车系统,Électricit ,Outillage à main et  lectroportatif,维修工具,排气系统管道及装置,配件,地毯及室内装饰品清洁和配件,计算机及配件,照明和吊扇,手机配件,儿童洗澡用品,节日装饰物收纳,研磨刷,零件,壁炉和配件,家居、厨具、家装,手动工具,修整抛光,替换件和配件,零件,吸尘器,农业和工程机械,浴室淋浴剂,粘合剂、密封剂、填充物,防虫用品,除雪工具,转向和悬架,汽车零件,安全和监控,Akcesoria i części do motocykli,螺杆和螺柱,安防劳保与清洁,Rękodzieło,轮胎、轮毂工具,计算机及配件,布线和连接,制作,表单、记录和钱币管理,标签与指示牌,汽车零件,摩托车零件及配件,男士饰品,配件,片和衬垫,窗饰及配件,音箱,花盆、花架、育苗盘,工具配件,研磨和整修产品,办公设备,传感器,户外电动工具,HVAC,Instalación el ctrica,真空吸尘器零件和配件,演示板,排气系统管道及装置,转向及悬挂系统工具,维修工具,水上运动,家装工具,布线和连接,汽车内饰,维修工具,锁具,刹车系统,家居装修,露营、徒步,无线电收发器,吸尘器,浴室用具配件,劳保用品,吊扇和配件,锁具,轮胎、轮毂工具,驱动及传动,切割工具,吊床、支架和配件,零件,工业工具,Outillage à main et  lectroportatif,Aspirateurs, entretien des sols et nettoyeurs de vitres,咖啡用品,Tondeuses et outillage de jardin motoris ",高销量
深圳市富华峰科技有限公司,深圳市龙华区观澜街道新澜社区观光路1303号鸿信工业园1栋402(一照多址企业),https://logistics.tungee.com/enterprise-details/37622fff0dff3f20/enterprise-information/basic-information,18071013698,"美国站,英国站,德国站,墨西哥站,荷兰站,意大利站,法国站,西班牙站,比利时站,波兰站,瑞典站,土耳其站",37622fff0dff3f20,"配件,计算机及配件,手机配件,安全和监控,配件,计算机及配件,工具配件,摄影摄像,Malibu,户外电动工具,替换件和配件,职业和物理疗法辅助用品,家用电池,餐厨布艺,工具配件,手动工具,安全防护,保养、维护和维修,导航仪配件,笔记本配件,吸尘器和地板护理,户外电动工具,插槽车、轨道车及附件,医疗器械,零件,电池,计算机及配件,办公设备,视频游戏,工业电器,水饮、乳品、果汁,Cortac spedes y herramientas el ctricas para exteriores,电脑组件,外设产品,吸尘器,电子元器件,手机配件,其他运动,电子产品,运动迷用品,零件,配件,女士,配件,男装配饰,男士饰品,户外电动工具,汽车零件,麦克风,演示板,运动与健身,电动工具,现场扩声及灯光设备,Tondeuses et outillage de jardin motoris ,其他办公设备,3D打印机零件和配件,男童鞋,壁纸和墙纸用品,Seguridad,冰柜,男鞋,管件、管道和软管,护理与喂养,女士,配件,遥控电动车,配件,住宅安保系统,网络设备,餐饮器具和餐具,HVAC,3D打印机零件和配件,外设产品,制热、制冷设备和空气净化器,配件,日用清洁,家用清洁剂,便携式音箱和接口盒,PlayStation 系统,微控制台,运动,清洁工具、清洁剂,电动工具,影音播放器,遥控电动玩具,展示用品,戒烟,零售展示架,特色打击乐器,木偶、手偶,婴儿用品,狩猎与垂钓,玩具和游戏,建筑材料,智能设备,牵引及项圈,瑜伽,罐头,手机和配件,电脑组件,运动,缝纫、针织用品,计算机及配件,车辆,平板电脑替换件,扫描仪和配件,发电机和便携式电源,复古游戏和微型游戏机,劳保用品,枕头和凳子,无线电收发器,半导体商品,S curit ,Electronique embarqu e,Xbox One配件,S curit  de b b ",高销量
杭州亿维品牌管理有限公司,浙江省杭州市上城区四季青街道宏程国际大厦2001室-1(自主申报),https://logistics.tungee.com/enterprise-details/38733dd0ed2abcac/enterprise-information/basic-information,,"美国站,德国站,意大利站,法国站,加拿大站,墨西哥站,瑞典站",38733dd0ed2abcac,"家具,卫浴用品,家具,衣柜收纳,办公家具,垃圾桶、回收和堆肥桶,节日装饰物收纳,卧室家具,卧室家具,家居和厨房,庭院套装,椅子、长凳,卫浴用品,垃圾桶、垃圾袋,餐厅家具,厨卫,庭院套装,收纳用品,室外伞和遮阳伞,客厅家具,特色家具,浴室用具配件,客厅家具,Delta Faucet,卧室家具",高销量
青岛爱奥根特发制品有限公司,青岛市李沧区万年泉路237号中海国际广场1810室,https://logistics.tungee.com/enterprise-details/37623013d6ff3490/enterprise-information/basic-information,18905329672,"美国站,加拿大站,英国站,德国站,意大利站,法国站,西班牙站,墨西哥站,荷兰站,比利时站,波兰站,瑞典站",37623013d6ff3490,"假发,发饰,假发,假发,眼部,假发,眼部护理,美发护发",高销量
派金电子(深圳)有限公司,深圳市坪山区坪山街道六联社区坪山大道2007号创新广场C1417,https://logistics.tungee.com/enterprise-details/37622fcdbcc53fc0/enterprise-information/basic-information,13828837300,"美国站,德国站,墨西哥站,荷兰站,法国站,波兰站,瑞典站,英国站,意大利站,西班牙站,比利时站",37622fcdbcc53fc0,"车载应急电源、电池充电器和便携电源,太阳能和风力发电,电池及配件,电池,汽车零件,维修工具,安全和监控,配件,其他运动,平板电脑替换件",中等销量
厦门市派美进出口有限公司,厦门市思明区西浦路89号302室,https://logistics.tungee.com/enterprise-details/376230070d3f365d/enterprise-information/basic-information,,"美国站,英国站,墨西哥站,巴西站,德国站,荷兰站,意大利站,法国站,西班牙站,比利时站,波兰站,瑞典站,土耳其站",376230070d3f365d,"壁灯,派对餐具,纸张、包装纸和袋子,育婴房装饰,装饰品,节日聚会用品,化妆工具,照明,家用电池,照明和吊扇,厨房和餐厅,浴室用具配件,非处方药物,箱包,烤炉配件,露营、徒步,咖啡用品,儿童洗澡用品,装饰品,建筑材料,纸艺,有氧健身器械,厨房用品,节日聚会用品,燃料和点火器,办公礼品包装,餐具,化妆工具,家居和厨房,厨房保鲜、收纳,烟草类商品,卫浴用品,划船和帆船,厨房和餐厅,家居装饰,家用电池,油毡和系带,日常护理,玩具,纸张、包装纸和袋子,壁灯,实验室及科研用品,有氧健身器械,装饰品,家用治疗仪,挂钟、闹钟,Utensílios e Acessórios",高销量
深圳市清辰之光科技有限公司,深圳市光明区公明街道上村社区同富裕工业园第五栋501-5栋5楼,https://logistics.tungee.com/enterprise-details/37622fcc9f453cb0/enterprise-information/basic-information,18666293698,"美国站,加拿大站,英国站,墨西哥站,日本站,巴西站,德国站,荷兰站,意大利站,法国站,西班牙站,比利时站,波兰站,瑞典站,土耳其站",37622fcc9f453cb0,"新奇灯饰,户外照明灯,商用照明,灯具配件,照明,照明和吊扇,光源,店铺招牌和展示,户外照明灯,户外照明灯,节日灯饰,照明和吊扇,配件,新奇灯饰,家居装修,户外照明灯,光电产品,安防劳保与清洁,金属与合金,节日灯饰,壁灯,房车及配件,嵌入式灯具,照明和电气,节日灯饰",高销量
浙江安吉永丰家具有限公司,浙江省湖州市安吉县递铺街道康山工业园区(浙江安吉大名家具有限公司厂房)(自主申报),https://logistics.tungee.com/enterprise-details/3a6952cb082b4a56/enterprise-information/basic-information,13757276888,"美国站,加拿大站,英国站,德国站,墨西哥站,荷兰站,意大利站,法国站,西班牙站,比利时站,波兰站,瑞典站",3a6952cb082b4a56,"游戏和休闲室家具,家具",高销量
江苏铭星智能家居有限公司,武进区洛阳镇环阳路11号,https://logistics.tungee.com/enterprise-details/3a695a339c2b4d84/enterprise-information/basic-information,13901504182,"美国站,加拿大站,日本站,阿联酋站,阿拉伯站,墨西哥站",3a695a339c2b4d84,"办公家具,家具,工作台、操作台,计算机及配件,家具,电动机,办公家具配件,办公家具灯具,移动式插座和浪涌保护器,桌上用品",高销量
浙江威仕电气有限公司,浙江省温州市乐清市城南街道界岱工业区,https://logistics.tungee.com/enterprise-details/37622ff963ff3659/enterprise-information/basic-information,18367817031,"美国站,加拿大站,英国站,德国站,墨西哥站,荷兰站,意大利站,巴西站,法国站,西班牙站,比利时站,波兰站,瑞典站,土耳其站",37622ff963ff3659,"手动工具,手动工具,手动工具,手动工具,电工,手动工具,试电笔,液压、气动和水管,手动工具,Herramientas Manuales,家装工具,手动工具,配件,工业与科研用品,点火系统及配件,工业电器,布线和连接,布线和连接,Peças e Acessórios para Automóveis,照明和电气,点火系统及配件,管道、管件及配件,汽车零件,建筑材料,Herramientas Manuales y El ctricas,太阳能和风力发电,吉他和贝斯配件,控制电缆,建筑材料,轮,家居装修,数据线和适配器,电工,点火系统及配件,手动工具,3D打印机零件和配件,Malibu,家装工具,发动机工具及设备,Électricit ,邮箱及配件,其他运动,布线和连接,电工,维修工具,半导体商品,试电笔,建筑材料",高销量
福州中磊进出口有限公司,福州市晋安区岳峰镇连江北路与化工路交叉处东二环泰禾城市广场(一期)9#楼19层26、27办公,https://logistics.tungee.com/enterprise-details/37623020a77f3421/enterprise-information/basic-information,13599065866,"美国站,加拿大站,英国站,德国站,墨西哥站,荷兰站,巴西站,法国站,瑞典站,意大利站,西班牙站,比利时站,波兰站",37623020a77f3421,"卧室家具,安全防护,安全门栏,劳保用品,门洞、门档、踏板,客厅家具,家具,桌上用品,卧室家具,配件,计算机及配件,电视音响,猫用品,搁板、置物架,转盘及配件,服饰及配件,防护锁、防撞用品,日常办公用品,笔记本配件,家居装饰,客厅家具,餐厅家具,喂食及饮水用具",高销量
江苏先丰纳米材料科技有限公司,南京市浦口区桥林街道步月路29号,https://logistics.tungee.com/enterprise-details/3762301eacbf3c49/enterprise-information/basic-information,13770664210,"美国站,加拿大站,英国站,德国站,墨西哥站,荷兰站,意大利站,法国站,西班牙站,新加坡站,波兰站,瑞典站,巴西站,比利时站",3762301eacbf3c49,"实验室化学品,实验室及科研用品,原材料,实验室化学品,玻璃器皿、实验室器皿,金属与合金,实验室化学品,工业与科研用品,片和衬垫,实验室化学品,维生素,营养素,胶带、粘合剂和密封剂,经络养生,实验室仪器、设备,运动、速度、力,化妆工具,工具收纳,零件,手动工具,实验室用品、耗材,试电笔,温湿度计,布线和连接,无源器件,尺寸测量,玻璃器皿、实验室器皿,绘画用品和工具,壁纸和墙纸用品,抗氧化素,手动工具,排气系统管道及装置,商业清洁,劳保用品,配件,层压材料和复合材料,电气测试,打扫用品,汽车零件,绘画用品和工具,金属与合金,面部,手动工具,商业清洁,Ceramics, Glass & Industrial Gems,原材料,管件、管道和软管,砂轮,3D打印耗材,演示板,原材料,生命科学用品,胶带、粘合剂和密封剂,女鞋,科学教育,家用电池,物质分析仪器,矿物质,安防劳保与清洁,水泵,手动工具,电工,健康护理,试电笔,家用清洁剂,工业与科研用品,油漆涂料与墙纸,安全标志和信号,制热、制冷设备和空气净化器,工具配件",中等销量
广州市鑫威车业有限公司,广州市花都区毕村北路32号101栋厂房(部位:101栋厂房),https://logistics.tungee.com/enterprise-details/37622fe2060537b5/enterprise-information/basic-information,13580332479,"美国站,加拿大站,英国站,德国站,荷兰站,意大利站,法国站,西班牙站,比利时站,波兰站,瑞典站,墨西哥站,土耳其站",37622fe2060537b5,"骑行,骑行,小型健身用品,运动,其他运动,运动用品,骑行,Sports & Outdoors",高销量
宁波翔欣家居用品进出口有限责任公司,浙江省宁波市江北区慈城镇新城路12号(1)幢,https://logistics.tungee.com/enterprise-details/37622fb827453a9d/enterprise-information/basic-information,,"美国站,德国站,荷兰站,意大利站,法国站,西班牙站,瑞典站,英国站,墨西哥站,比利时站,波兰站,土耳其站",37622fb827453a9d,"客厅家具,咖啡用品,桌上用品,儿童洗澡用品,节日装饰物收纳,厨房保鲜、收纳,办公家具,家具,厨房保鲜、收纳",高销量
深圳市美怡兴首饰有限公司,深圳市龙岗区布吉街道布沙路245号茂业书画交易广场3楼3FA7,https://logistics.tungee.com/enterprise-details/5788982decf37483/enterprise-information/basic-information,13424426045,"美国站,加拿大站,英国站,德国站,墨西哥站,荷兰站,意大利站,巴西站,法国站,西班牙站,比利时站,波兰站,瑞典站,土耳其站",5788982decf37483,"女士饰品,男士饰品,Mujer,女士饰品,男士,女士饰品,狗狗,保健生活用品,女童饰品,戒烟,男士饰品,特色打击乐器,经络养生,女童饰品,狗用品,特色打击乐器,Chiens,男童饰品,缓压玩具,Sant  et premiers soins,过家家,猫用品,女婴,时尚,女士饰品,女士饰品,艺术品、工艺品和缝纫用品,Regalos originales y de broma,香水,男士,时尚,咖啡用品,运动户外服饰,纪念品,配饰,配件,Clothing, Shoes & Jewelry,创意玩具,餐厨布艺,狗狗,女士饰品",高销量
深圳市麦丰包装有限公司,深圳市龙华区民治街道新牛社区民治大道牛栏前大厦A465,https://logistics.tungee.com/enterprise-details/3762302884ff3772/enterprise-information/basic-information,18823841521,"美国站,加拿大站,英国站,德国站,日本站,荷兰站,意大利站,法国站,西班牙站,波兰站,瑞典站,土耳其站,墨西哥站,巴西站,比利时站",3762302884ff3772,"标签与指示牌,演示板,信封与邮寄用品,日常办公用品,纸张、包装纸和袋子,信封与邮寄用品,展示用品,劳保用品,标签与指示牌,包装和配送用品,纸张,包装和配送用品,厨房保鲜、收纳,柜橱五金件,男士饰品,咖啡用品,配件,制作,Seguridad,烟草类商品,安全防护,针线,其他办公设备,衣柜收纳,办公家具,户外照明灯,办公设备,日常办公用品,S curit  de b b ,厨房保鲜、收纳,分装瓶,育婴家具及寝居用品,针线,窗饰及配件,日用清洁,建筑材料,手动工具,摄影摄像,动力传输产品,控制电缆,影音播放器,节日饰品,绘画,纸张,骑行,试电笔,太阳能和风力发电,数码相机,圣诞装饰品,手动工具,厨房电器,节日饰品,餐厨布艺",高销量
广州润时保健用品有限公司,广州市越秀区东风东路750号1808房,https://logistics.tungee.com/enterprise-details/37622fd7f38532c7/enterprise-information/basic-information,13802731104,"美国站,加拿大站,英国站,德国站,墨西哥站,日本站,荷兰站,意大利站,巴西站,法国站,西班牙站,比利时站,波兰站,瑞典站,土耳其站",37622fd7f38532c7,"女士饰品,经络养生,保健生活用品,男士饰品,男士,Sant  et premiers soins,女士饰品,男士饰品,女士,时尚,洗护用品,时尚,厨房保鲜、收纳,小型健身用品,保健护具,首饰制作零件,按摩工具和设备,Mujer,女士饰品,配饰,家用治疗仪",高销量
山西上卓玻璃制品有限公司,山西综改示范区太原学府园区创业街27号时代广场17A01C号,https://logistics.tungee.com/enterprise-details/37622fe0d9453385/enterprise-information/basic-information,,"美国站,加拿大站,墨西哥站,意大利站,西班牙站,瑞典站,英国站,德国站,荷兰站,巴西站,法国站,比利时站,波兰站",37622fe0d9453385,"咖啡用品,厨房和餐厅,节日饰品",中等销量
广州伊羽霓贸易有限公司,广州市白云区江夏红风路2号8栋102,https://logistics.tungee.com/enterprise-details/37623006c03f3982/enterprise-information/basic-information,,"美国站,英国站,德国站,墨西哥站,荷兰站,意大利站,法国站,西班牙站,比利时站,波兰站,瑞典站,土耳其站",37623006c03f3982,"女装,男士,咖啡用品,厨房和餐厅,女装",高销量
浙江元一家居用品集团有限公司,浙江省绍兴市柯桥区柯桥世界贸易中心(南区)16幢2406室,https://logistics.tungee.com/enterprise-details/37622ffe6a7f3093/enterprise-information/basic-information,,"美国站,英国站,德国站,墨西哥站,日本站,荷兰站,意大利站,巴西站,法国站,西班牙站,比利时站,波兰站,瑞典站,土耳其站",37622ffe6a7f3093,"沙发垫、沙发罩,真空吸尘器零件和配件,浴室用品,Decoración del hogar,床垫保护套和衬面,家居装饰,沙发垫、沙发罩,窗上用品,沙发垫、沙发罩,沙发垫、沙发罩,枕头枕套,家居装饰,沙发垫、沙发罩,经络养生,羽绒被罩和套装,沙发垫、沙发罩,家具,抱枕靠垫,概念,床上用品,蜡烛、烛台、烟灰缸,儿童房间装饰品,家居装饰,儿童洗澡用品,女士香水,卧室家具,床上用品,枕头枕套,餐厅家具,室外家具罩,Bedding,Dormitorio,床上用品,家居、厨具、家装,卧室家具,床上用品,枕头枕芯,室外家具罩,床上用品,家居、厨具、家装,沙发垫、沙发罩,室外家具罩,Bedding,健康护理",高销量
浙江东园工具有限公司,浙江省东阳市湖溪镇,https://logistics.tungee.com/enterprise-details/577e28b8ab721291/enterprise-information/basic-information,15868988553,"美国站,加拿大站,英国站,德国站,墨西哥站,荷兰站,意大利站,法国站,西班牙站,比利时站,波兰站,瑞典站",577e28b8ab721291,"手套和防护用具,手动园艺工具,劳保用品,手动园艺工具,手动园艺工具,手动园艺工具,手动园艺工具,手动园艺工具,手套和防护用具,手动园艺工具,手动园艺工具,手动园艺工具,运动户外,堆肥和庭院废物箱,田园工具及设备,劳保用品,田园工具及设备,厨用小工具,装饰品,S curit ,Mat riels d'arrosage et outils pour jardins,浇灌工具,家装工具,户外电动工具,田园工具及设备,手动园艺工具,户外饰品,手动园艺工具",高销量
深圳智美世纪实业有限公司,深圳市龙岗区坂田街道马安堂社区永香东路17号坂维园D栋402,https://logistics.tungee.com/enterprise-details/57b117d495f38c02/enterprise-information/basic-information,13910606333,"美国站,加拿大站,英国站,德国站,墨西哥站,荷兰站,意大利站,巴西站,法国站,西班牙站,比利时站,波兰站,瑞典站,土耳其站",57b117d495f38c02,"咖啡用品,厨房保鲜、收纳,配件,演示板,存储,桌上用品,厨房保鲜、收纳,活页夹和装订系统,计算机及配件,纸张,厨房保鲜、收纳,桌上用品,节日饰品,真空吸尘器零件和配件,工具收纳,文件档案管理,书写工具,收纳用品,熨斗和蒸汽挂烫机,日常办公用品,书写工具,商务公文包及电脑包,咖啡用品,其他运动,手动工具,厨用小工具,化妆工具,日历台历与日程安排,Small Appliance Parts & Accessories,温湿度計,轮胎,餐厨布艺,计算机及配件,牵引及项圈,日常办公用品,纸张,厨房和餐厅,扫描仪和配件,发动机工具及设备,电工,数据线和适配器,户外家具,桌上用品,装饰品,晴雨伞,Cocina,节日聚会用品,家居和厨房,家用电池,点火系统及配件,汽车外饰,身体保养,炊具,节日灯饰,梳理美容用具,汽车内饰,配件,经络养生,配件,厨房电器,小型健身用品,Vaisselle,存储,窝及家具,美甲工具,泳池及水上乐园,室外伞和遮阳伞,首饰制作零件,奶瓶用品,儿童餐具,手机配件,庭院鸟类及野生动物饲养用品,镶边、装饰,喂养用品,真空吸尘器零件和配件,维修工具,箱包,Decoración del Hogar,服饰及配件,厨房和餐厅,骑行,桌上用品,制热、制冷设备和空气净化器,家装工具,厨房和餐厅,窗饰及配件,浴室用具配件,五金,制热、制冷设备和空气净化器,日常办公用品,洗护用品,厨用小工具,桌上用品,手工套装,皮具箱包,门用五金,露营、徒步,派对用品,面部护肤,面部护理工具,活页夹和装订系统,咖啡用品,绗缝用品,厨房和餐厅,Luggage & Travel Gear,力量训练器械,猫砂及清洁用品,手提包和钱包,垫圈,狗狗,厨用小工具,大家电零配件,美发工具,邮箱及配件,衣柜收纳,户外饰品,体育,零件,厨用小工具,桌上用品,化妆工具,直线运动产品,外部护理,助行用品,饰品配件,铰链,配件,运动,节日饰品,剪贴、压印,洗晒熨,配件,纸张,泡沫,鞋靴配件,面部护理工具,维修工具,Bolsas, Maletas y Accesorios de Viaje,厨房和餐厅,儿童房间装饰品,摄影摄像,Herramientas Manuales,图书,骑行,外设产品,家居装饰,厨房电器,汽车用品,节日装饰物收纳,运动户外,手机配件,配件,餐具,电子,日常办公用品,运动户外休闲,Organização,抱枕靠垫,面部护肤,挂钩、粘钩,浴室用具配件,酒类配件,Skin Care,安全与保障,制热、制冷设备和空气净化器,真空吸尘器零件和配件,花盆、花架、育苗盘,手动工具,炊具,餐具,皮具箱包,布线和连接,家具五金,厨用小工具,汽车内饰,柜橱五金件,烘焙用品,力量训练器械,彩弹,女童饰品,皮具箱包,轮胎、轮毂工具,假牙护理,美甲工具,日常办公用品,运动,工具配件,手动工具,家居装饰,毛绒布艺,面部护肤,手动工具,口腔护理,枕头枕套,门用五金,女士饰品,发饰,轴承,节日饰品,照明总成和配件,冷水器和净水器,皮具箱包,新奇灯饰,Caf , th  et expresso,收纳用品",高销量
广州疆海科技有限公司,广州市黄埔区富康西街10号522房,https://logistics.tungee.com/enterprise-details/57aaf1549db39b06/enterprise-information/basic-information,13501519156,"美国站,加拿大站,英国站,德国站,意大利站,巴西站,法国站,西班牙站,比利时站,土耳其站,墨西哥站,荷兰站,波兰站,瑞典站",57aaf1549db39b06,"配件,电池、充电器,手机配件,外设产品,太阳能和风力发电,发电机和便携式电源,数据线和适配器,电池、充电器,笔记本配件,户外电动工具,皮具箱包,配件及用品,保护壳、保护套,发电机和便携式电源,手机配件,电源配件,外设产品,工业与科研用品,压力、真空",高销量
广东强力科技股份有限公司,中山市黄圃镇祥安北路20号之一,https://logistics.tungee.com/enterprise-details/3762300344bf31d3/enterprise-information/basic-information,13609077920,"美国站,加拿大站,英国站,德国站,墨西哥站,荷兰站,意大利站,巴西站,法国站,西班牙站,比利时站,波兰站,瑞典站",3762300344bf31d3,"厨房电器,咖啡用品,咖啡用品,厨房电器,Petit  lectrom nager,厨房电器,食物供应设备和用品,Caf  y t ,电器和设备,厨房电器,Cocina",高销量
无锡市传情达意工艺品厂,无锡惠山经济开发区玉祁配套区(玉东村),https://logistics.tungee.com/enterprise-details/37622fc5b4853898/enterprise-information/basic-information,,"美国站,英国站,德国站,墨西哥站,荷兰站,意大利站,法国站,西班牙站,比利时站,波兰站,瑞典站,土耳其站",37622fc5b4853898,"女童服装,Girls Apparel,装扮与饰品,过家家,婴童,女童鞋,女童鞋,幼儿玩具,女婴,女童服装,Dzieci,婴儿服饰及鞋靴,婴童,Moda,其他运动,时尚,女婴,Jeux d'imitation, d guisements et accessoires,配件,Boys' Athletic & Outdoor Clothing,女装,Beb ,时尚,制作,女童鞋,新奇服装",高销量
广东美尼亚科技有限公司,中山市东凤镇永益村博德街21号1座二层至六层、2座,https://logistics.tungee.com/enterprise-details/37622fbb8bc5353a/enterprise-information/basic-information,,"美国站,英国站,荷兰站,法国站,波兰站,德国站,墨西哥站,意大利站,西班牙站,比利时站,瑞典站,土耳其站",37622fbb8bc5353a,"冰箱、冰柜和冰块机,厨房电器,洗衣用具,咖啡用品,R frig rateurs, cong lateurs et machines à glaçons,大家电,厨房和餐厅,厨房电器,冰箱、冰柜和冰块机",高销量
安吉林欣竹业有限公司,浙江省安吉县鄣吴镇鄣吴路,https://logistics.tungee.com/enterprise-details/37622fbb41c53fd9/enterprise-information/basic-information,,"美国站,日本站,加拿大站,英国站,墨西哥站",37622fbb41c53fd9,"家具,家具,门厅家具,客厅家具,办公家具,餐厅家具,办公家具灯具",高销量
常州市海格超细纺织品有限公司,武进区牛塘镇白家村,https://logistics.tungee.com/enterprise-details/37622fbb8a85335e/enterprise-information/basic-information,,"美国站,加拿大站,英国站,德国站,墨西哥站,日本站,荷兰站,意大利站,巴西站,法国站,西班牙站,比利时站,波兰站,瑞典站,土耳其站",37622fbb8a85335e,"彩弹,露营、徒步,露营、徒步,露营、徒步,打猎和钓鱼,毛巾,浴室用品,皮具箱包,皮具箱包,双肩背包,水上运动,箱包、背包和配件,儿童洗澡用品,水上运动,其他运动,床及家具,瑜伽,毛巾,运动与健身,运动与健身,露营、徒步,运动和户外,毛巾,床上用品,运动户外服饰,毛巾,男装,户外休闲,跑步,枕头枕套,男士饰品,时尚,户外家具,男装,Boys' Athletic & Outdoor Clothing,运动用品,皮具箱包",高销量
广州易凌龙商贸有限公司,广州市白云区永平街蛟腾街东巷5号A栋301、302、303室(自主申报),https://logistics.tungee.com/enterprise-details/3762300b18bf3819/enterprise-information/basic-information,18680575004,"美国站,加拿大站,墨西哥站,荷兰站,意大利站,法国站,西班牙站,比利时站,波兰站,瑞典站,英国站,德国站",3762300b18bf3819,"汽车外饰,点火系统及配件,车箱和后挡板配件,外装配件,零件,咖啡用品,外装配件,手机配件,汽车内饰,外装配件,配件,Pièces d tach es auto,开关、继电器,汽车用品,照明和电气,汽车内饰,方向盘、助力球,零件,汽车零件,玩具,手机配件,插槽车、轨道车及附件,外部,童车、推车及配件,装扮与饰品,水泵,安全和监控,零件,挡风板,外装配件,配件,婴幼儿家具,扫描仪和配件,Women's fashion Made in Italy,安全防护,厨房和餐厅,汽车零件,发动机工具及设备,汽车零件,手电筒,窗用五金,摄影摄像,双肩背包,水暖,无线电收发器,汽车用品,发饰,家装工具,笔记本配件,乙烯基包装和配件,营养素,劳保用品,鸟类用品,婴儿推车配件,厨房电器,S curit  de b b ,排气系统管道及装置,Chambre de b b ,汽车零件,电子点火,排气系统,防尘罩,汽车座套、坐垫,汽车内饰,外装配件,汽车内饰,保护壳、保护套,内燃机及配件,其他运动,汽车电子、电器,露营、徒步,汽车座套、坐垫,计算机及配件,办公礼品包装,摩托骑行护具,发动机罩和排气口,保险杠和保险杠配件,格栅和格栅防护罩,浴室五金,露营、徒步,汽车内饰,汽车内饰,玩具和游戏",中等销量
深圳本沃科技有限公司,深圳市龙岗区横岗街道龙岗大道(横岗段)4101号A209室,https://logistics.tungee.com/enterprise-details/3762301753ff3a84/enterprise-information/basic-information,13425153040,"美国站,加拿大站,英国站,德国站,墨西哥站,意大利站,巴西站,法国站,西班牙站",3762301753ff3a84,"安全和监控,防盗,防盗,配件,汽车内饰,开关、继电器,汽车内饰,劳保用品,汽车用品,配件,防盗,Peças e Acessórios para Automóveis,喇叭和配件,防盗,保护壳、保护套,汽车,汽车电子、电器,电池、充电器,照明和电气,开关、继电器,GPS导航、配件,导航仪配件,汽车外饰,安全与保障,汽车用品,点火系统及配件,Electronique embarqu e",高销量
深圳市高达飞科技有限公司,深圳市龙岗区南湾街道盛宝路2号中海信工业园4栋403,https://logistics.tungee.com/enterprise-details/37622fbbd745331b/enterprise-information/basic-information,,"美国站,加拿大站,英国站,德国站,墨西哥站,荷兰站,意大利站,巴西站,法国站,西班牙站,比利时站,波兰站,瑞典站,土耳其站",37622fbbd745331b,"娃娃配饰,插槽车、轨道车及附件,配件,遥控电动玩具,配件,无线电收发器,零配件、附件,摄影摄像,摄影摄像,零配件、附件,视频,配件,摄影、摄像包,装扮与饰品,配件,车辆,配件,遥控电动车,藏品展示及存储,零配件、附件,配件,配件,摄影摄像,外设产品,摄影、摄像包,童车、助步、轮滑,音乐玩具,视频监控,摄影摄像,Fotografía y videocámaras,计算机及配件,摄影摄像,零配件、附件,Technology & Engineering,Bakugan,摄影摄像,MP3播放器配件,手机配件,摄影摄像,计算机及配件,Câmeras e Foto,剪贴、压印,影棚设备,配件,拼插类玩具,电子,平板电脑配件,零配件、附件,手工套装,摄影摄像,手提包和钱包,手机配件,Accessoires,Maquettes et mod lisme,皮具箱包,木偶、手偶,手机配件,数据线和适配器,遥控电动玩具,Malibu",高销量
青岛赛迈德电器有限公司,山东省青岛市市北区黑龙江南路2号丙万科中心C座906室,https://logistics.tungee.com/enterprise-details/37622feb6dc5302e/enterprise-information/basic-information,,"美国站,加拿大站,英国站,德国站,墨西哥站,荷兰站,意大利站,法国站,西班牙站,比利时站,波兰站,瑞典站,土耳其站",37622feb6dc5302e,"冰箱、冰柜和冰块机,大家电,冰柜,咖啡用品,冰箱、冰柜和冰块机,厨房电器,建筑材料,厨房电器,烧烤用具,厨房电器,冰箱、冰柜和冰块机,空气净化器,摩托车零件及配件,洗衣用具,内部,烧烤用具,点火系统及配件,厨房电器,电子产品,汽车用品,大家电,汽车内饰,大家电零配件,厨房电器,冰柜,餐厨布艺,大家电零配件,家居、厨具、家装,厨房保鲜、收纳,冰箱、冰柜和冰块机,取暖炉、壁炉,洗衣机、烘干机,洗衣机、烘干机,厨房和餐厅,汽车内饰,节日饰品,食物供应设备和用品,庭院、草坪和园艺",高销量
太原市科星烽科技有限公司,太原市小店区平阳路568号E座2单元18层19A04号,https://logistics.tungee.com/enterprise-details/37622fdcaa453816/enterprise-information/basic-information,15343437006,"美国站,加拿大站,英国站,德国站,墨西哥站,日本站,荷兰站,意大利站,法国站,西班牙站,比利时站,波兰站,瑞典站,巴西站",37622fdcaa453816,"家具,安全标志和信号,建筑材料,泳池及配件,客厅家具,手动工具,安全标志和信号,轮,电动工具,其他运动,彩弹,椅子、长凳,零配件,客厅家具,建筑材料,信封与邮寄用品,建筑材料,办公家具配件,厨房保鲜、收纳,加热器及配件,服饰及配件,喂食及饮水用具,信封与邮寄用品,物料搬运,梯子及搬运工具,手动工具,打猎和钓鱼,家用电池,窗饰及配件,办公家具灯具,助行用品,咖啡用品,客厅家具,小宠窝及窝用品,驱虫剂,露营、徒步,猫,牵引、升降设备,办公家具,儿童房间装饰品,织物绘画和染色,日常办公用品,植物支撑架,卧室家具,邮箱及配件,门厅家具,职业和物理疗法辅助用品,计算机及配件,卧室家具,口腔护理,Malibu,信封与邮寄用品,游戏和休闲室家具,齿间清理,框架,餐饮器具和餐具,管件、管道和软管,婴儿服饰及鞋靴,电动工具,游戏和休闲室家具,卫浴用品,Piscines, bains à remous et accessoires,Dormitorio,猫用品,狗狗,家居和厨房,户外家具,手机配件,劳保用品,音乐玩具,手机配件,建筑材料,办公家具,吸尘器,木偶、手偶,水泵,面部护理工具,儿童房间装饰品,门用五金,运动,狗狗用品类,体育专用服装,瑜伽,演示板,植物支撑架,办公家具灯具,Baseny, wanny z hydromasażem i materiały eksploatacyjne,助行用品,泳池及水上乐园,配件,小宠用品,狗房及笼子,手套和防护用具,喂食、喂水用具,梯子及搬运工具,Muebles,床上用品,客厅家具,卧室家具,节日装饰物收纳,男童鞋,车库收纳,Ferretería,户外照明灯,工业与科研用品,窝及家具,Aide à l'autonomie et à la mobilit ,玩具,金属与合金,玩具,建筑材料,运动,玩具,概念,Mobilier et  clairage,田园工具及设备,床及家具,客厅家具,家用电池,育婴家具及寝居用品,户外家具,Produits professionnels de s curit  et de sant ,助行用品,健康用品,育儿室,男童服装,庭院桌,餐厨布艺,野餐篮、庭院桌和配件,室外伞和遮阳伞,小型健身用品,婴幼儿家具,泳池及配件,运动户外休闲,油毡和系带,游戏,绗缝用品,梯子及搬运工具,S curit ,庭院、草坪和园艺,吸尘器,美术用具,饰品配件,花瓶、装饰瓶、花艺,家具、安全设备,椅子沙发,宠物用品,女婴,按摩工具和设备,椅子、长凳,窝及家具,庭院桌,儿童家具,烤炉配件,庭院桌,卧室家具,配件,庭院桌,Piscinas, bañeras de hidromasaje y suministros,特色家具,零配件,助行用品,椅子沙发,Hair Care,概念,HVAC,体育,Cuidado de Boca,电工,摇椅、秋千椅,配件,室外伞和遮阳伞,Chambre de b b ,客厅家具,Outillage à main et  lectroportatif,厨房和餐厅,收纳用品,户外家具,男宝专区,建筑材料,健身器材配件,室外家具罩,口腔护理,防晒,狗用品,育婴房装饰,家具,保健生活用品,运动户外服饰,台灯,女士,壁纸和墙纸用品,清洁用品,金属与合金,水泵,Mobility & Daily Living Aids,室外储物,概念,油毡和系带,动力传输产品,发电机配件,婴幼玩具,衣柜收纳,摄影摄像,户外电动工具,玩具和游戏,水上运动,外出用具,家装工具,油毡和系带,玩具,椅子、长凳,小型健身用品,儿童家具,家装工具,地毯及室内装饰品清洁和配件,劳保用品,杂草与苔藓防治,训练用品,镜子和放大镜,清洁工具、清洁剂,家居和厨房,Cadres de marche, d ambulateurs et accessoires,衣柜收纳,五金,Bien-être et massage,耳机及配件,建筑材料,粘合剂、密封剂、填充物,运动户外,床及家具,美术用具,室外家具罩,小宠用品,小宠窝及窝用品,猫用品,玩具,泵及过滤设备,家居、厨具、家装",中等销量
文安县江鸿五金制品有限公司,文安县新镇北舍兴村,https://logistics.tungee.com/enterprise-details/3763277829e69a8d/enterprise-information/basic-information,18830609070,"美国站,加拿大站,英国站,德国站,墨西哥站,法国站,西班牙站,荷兰站,意大利站,比利时站,波兰站,瑞典站",3763277829e69a8d,"客厅家具,客厅家具,餐厅家具,家具,餐厅家具,电视配件,衣柜收纳,收纳与整理,收纳篮、箱子、盒子,办公家具,客厅家具,卧室家具,工作台、操作台,收纳篮、箱子、盒子,餐厅家具,节日饰品,儿童家具,庭院桌,剪贴、压印,卫浴用品,卧室家具,家居、厨具、家装,门厅家具,办公家具配件,庭院桌,儿童洗澡用品,节日装饰物收纳",高销量
深圳市锐点机器人科技有限公司,深圳市龙岗区平湖街道良安田社区平安大道309号2栋5A-504,https://logistics.tungee.com/enterprise-details/37622fea31853730/enterprise-information/basic-information,13544109751,"美国站,德国站,荷兰站,意大利站,法国站,比利时站,波兰站,土耳其站,英国站,墨西哥站,巴西站,西班牙站,瑞典站",37622fea31853730,"轮滑、滑板、滑板车,骑行,运动,其他运动,车辆",高销量
厦门艾瑜嘉服饰有限公司,厦门市集美区孙坂南路88号六层之一,https://logistics.tungee.com/enterprise-details/577e5e1374721079/enterprise-information/basic-information,13666078506,"美国站,英国站,德国站,荷兰站,意大利站,法国站,西班牙站,比利时站,墨西哥站,波兰站,瑞典站,土耳其站",577e5e1374721079,"女装,女装,瑜伽服,男士,日常护理,Érotisme, sexe et sensualit ,男宝专区,女性健康,女装,男士,女装,时尚,女装,男士饰品",高销量
河南优妮斯发制品有限公司,郑州市金水区西太康路70号院C楼20层2004号,https://logistics.tungee.com/enterprise-details/37622fddd445332b/enterprise-information/basic-information,,"美国站,加拿大站,英国站,德国站,墨西哥站,荷兰站,意大利站,巴西站,法国站,西班牙站,比利时站,波兰站,瑞典站",37622fddd445332b,"发饰,假发,美发护发,假发,化妆工具,美发护发,首饰制作零件,假发,发饰,头发造型,唇部,男士,Hair Care",高销量
广州塔尖贸易有限公司,广州高新技术产业开发区阅阳一街2号1527房(自主申报),https://logistics.tungee.com/enterprise-details/387307cd4d6abfa3/enterprise-information/basic-information,15989131083,"美国站,加拿大站,德国站,墨西哥站,荷兰站,意大利站,法国站,西班牙站,英国站,巴西站,比利时站,波兰站,瑞典站",387307cd4d6abfa3,"点火系统及配件,汽车外饰,汽车内饰,手机配件,配件,汽车外饰,汽车用品,整理收纳箱,汽车内饰,汽车车灯,格栅和格栅防护罩,方向盘、助力球,物料搬运,摩托车零件及配件,外装配件,配件,整理收纳箱,整理收纳箱,整理收纳箱,汽车内饰,零件,保险杠和保险杠配件,汽车电子、电器,安全,车载配件,外装配件,零件,导航仪配件,零件,邮箱及配件,扫描仪和配件,汽车车灯,汽车零件,Pièces d tach es auto,轮胎、轮毂工具,外装配件,车辆维修车间设备,Cadeaux et produits d riv s,重音和越野照明,工具及设备,外部护理,整理收纳箱,汽车内饰,开关、继电器,汽车内饰,照明和电气,汽车内饰,照明总成和配件,摩托车零件及配件,房车电动工具,安全与保障,配件,坐垫、脚垫,发动机工具及设备,物料搬运,整理收纳箱,汽车内饰,儿童安全座椅及配件,汽车用品",高销量
深圳真朴科技有限公司,深圳市龙岗区坂田街道岗头社区天安云谷产业园二期4栋1702,https://logistics.tungee.com/enterprise-details/37622fc16cc533e6/enterprise-information/basic-information,,"美国站,加拿大站,英国站,德国站,墨西哥站,日本站,荷兰站,意大利站,法国站,西班牙站,比利时站,波兰站,瑞典站,土耳其站",37622fc16cc533e6,"男士钟表,助行用品,家用电池,家居装饰,女士钟表,控制电缆,配件,摄影摄像,非处方药物,控制和指示器,家居装饰,缓压玩具,弹簧,Énergie solaire et  olienne,配件,运动户外,气枪、软弹枪,男士,电视音响,试电笔,Sant  et premiers soins,手机配件,发饰,家用治疗仪,粘胶紧固用品,家用电池,发饰,其他办公设备,发电机和便携式电源,办公设备",高销量
广州由我服饰有限公司,广州市增城区新塘镇东坑二横路67号1楼铺面,https://logistics.tungee.com/enterprise-details/37622fef08c53ef6/enterprise-information/basic-information,18588885060,"美国站,加拿大站,英国站,墨西哥站,意大利站,法国站,西班牙站,德国站,荷兰站,巴西站,比利时站,波兰站,瑞典站",37622fef08c53ef6,"男装,男装,男士饰品,男士,女装,制服、工作服和防护服,男士,女装,配件,男装,时尚,男装,男士,战术和个人防御,其他运动,劳保用品,箱包,Clothing, Shoes & Jewelry,新奇服装,Boys' Athletic & Outdoor Clothing",高销量
安吉伟灏家居有限公司,浙江省湖州市安吉县递铺街道闻韵路802号(浙江万康机械有限公司4号厂房),https://logistics.tungee.com/enterprise-details/37622fd70585323e/enterprise-information/basic-information,,"美国站,德国站,墨西哥站,荷兰站,意大利站,巴西站,西班牙站",37622fd70585323e,"家具,办公家具,客厅家具,游戏和休闲室家具,椅子沙发,客厅家具",高销量
深圳市凯瑞斯特高尔夫用品有限公司,深圳市龙华区龙华街道清华社区华清大道248号百思富电子商务园2层A栋204,https://logistics.tungee.com/enterprise-details/37622fc1cfc53d70/enterprise-information/basic-information,13510734480,"美国站,加拿大站,英国站,德国站,墨西哥站,日本站,荷兰站,意大利站,巴西站,法国站,西班牙站,比利时站,波兰站,瑞典站,土耳其站",37622fc1cfc53d70,"运动与健身,运动,高尔夫,高尔夫,其他运动,露营、徒步,男童鞋,高尔夫,厨用小工具,高尔夫,球拍运动,泳池及水上乐园,体育,咖啡用品,运动和户外,男童鞋,男鞋,高尔夫,露营、徒步,厨用小工具,厨房和餐厅,高尔夫,皮具箱包,书写工具,运动和户外",高销量
青岛邦正国际贸易有限公司,山东省青岛市市南区山东路6号丁3号楼304户,https://logistics.tungee.com/enterprise-details/37622fdc49453430/enterprise-information/basic-information,18561362636,"美国站,加拿大站,英国站,墨西哥站,巴西站",37622fdc49453430,"其他运动,打猎和钓鱼,钓鱼,狩猎与垂钓,彩弹,双肩背包,香薰、香氛,经络养生,家用电池,手套和防护用具,家用治疗仪,男士饰品,钓鱼,手足护理",高销量
杭州镇涵运动器材有限公司,浙江省杭州市临安区於潜镇横山工业区潜福街60号,https://logistics.tungee.com/enterprise-details/37622fc03d853cdc/enterprise-information/basic-information,,"美国站,英国站,德国站,荷兰站,意大利站,法国站,西班牙站,比利时站,波兰站,瑞典站,土耳其站,加拿大站,墨西哥站",37622fc03d853cdc,"其他运动,小型健身用品,力量训练器械,力量训练器械,力量训练器械,有氧健身器械,力量训练器械,力量训练器械,有氧健身器械,有氧健身器械,力量训练器械,Fitness et musculation",高销量
深圳市朗玛科技有限公司,深圳市宝安区西乡街道劳动社区宝源路2007号508,https://logistics.tungee.com/enterprise-details/37622fbd08c53d5b/enterprise-information/basic-information,13691708188,"美国站,加拿大站,英国站,德国站,墨西哥站,荷兰站,意大利站,法国站,西班牙站,比利时站,波兰站,瑞典站,土耳其站",37622fbd08c53d5b,"光源,户外照明灯,户外照明灯,台灯,节日灯饰,新奇灯饰,照明和吊扇,露营、徒步,台灯,家居、厨具、家装,户外照明灯,照明和吊扇,光源,照明和吊扇",高销量
广州市京之州汽车用品有限公司,广州市越秀区中山六路232号1110自编之一房,https://logistics.tungee.com/enterprise-details/3762301cb6bf3416/enterprise-information/basic-information,13411159240,"美国站,加拿大站,英国站,德国站,墨西哥站,荷兰站,意大利站,巴西站,西班牙站,波兰站,瑞典站,法国站,比利时站",3762301cb6bf3416,"零件,汽车用品,汽车用品,水泵,汽车外饰,排气系统管道及装置,点火系统及配件,排气系统管道及装置,Malibu,汽车零件,配件,汽车内饰,汽车零件,零件,开关、继电器,排气系统管道及装置,汽车零件,露营、徒步,打猎和钓鱼,汽车外饰,汽车零件,彩弹,其他运动,外装配件,轮胎,邮箱及配件,手动工具,水暖,Piezas para coche,垫圈,排气系统管道及装置,户外休闲,管道、管件及配件,露营、徒步,外装配件,排气系统管道及装置,汽车车灯,零件,扰流器、翼和造型套件,露营、徒步,摩托车零件及配件",高销量
深圳市光创丰科技有限公司,深圳市龙岗区横岗街道华侨新村社区荣德时代广场B1716,https://logistics.tungee.com/enterprise-details/39d14fac38ab419e/enterprise-information/basic-information,13128736762,"美国站,加拿大站,英国站,德国站,墨西哥站,荷兰站,意大利站,巴西站,法国站,西班牙站,波兰站,瑞典站,土耳其站,比利时站",39d14fac38ab419e,"手动工具,Malibu,珠饰、首饰制作用品,配件,工艺用品,激光测量设备及配件,发动机工具及设备,手工测量工具,电脑组件,珠饰、首饰制作用品,配件,计算机及配件,3D打印机零件和配件,电子元器件,光电产品,手动工具,劳保用品,牵引产品和绞车,户外电动工具,外设产品,日常办公用品,办公设备,劳保用品",高销量
深圳市杰瑟普商贸有限公司,深圳市龙华区福城街道观澜大道111号富嘉商务中心四楼,https://logistics.tungee.com/enterprise-details/37622fe2fe453ac4/enterprise-information/basic-information,15889688486,"美国站,加拿大站,英国站,德国站,墨西哥站,日本站,荷兰站,意大利站,巴西站,法国站,西班牙站,比利时站,波兰站,瑞典站,阿拉伯站,土耳其站",37622fe2fe453ac4,"化妆工具,化妆工具,美甲工具,工具和配件,化妆工具,化妆工具,面部护肤,彩妆,眼部,眼部,化妆工具,美甲,眼部,美容和个人护理,彩妆",高销量
武汉林宣壹阁网络科技有限公司,武汉市东湖新技术开发区珞瑜路沿街商铺490-518号光谷世界城B地块1栋1单元14层01室,https://logistics.tungee.com/enterprise-details/3762302c993f328a/enterprise-information/basic-information,18163389616,"美国站,加拿大站,墨西哥站,日本站,巴西站",3762302c993f328a,"装饰字画,浴室用具配件,家居装饰,油漆涂料与墙纸,绘画,客厅家具,家居装饰,拼图,办公家具,空调,客厅家具,家具,家居、厨具、家装,客厅家具,卧室家具,游戏和休闲室家具,家居和厨房,门厅家具,室外储物,室外伞和遮阳伞,电视配件,装饰字画",高销量
深圳市风之翼科技有限公司,深圳市龙岗区坂田街道马安堂社区中兴路10号1号厂房C栋顺兴工业区C栋厂房505,https://logistics.tungee.com/enterprise-details/37622ff636bf3142/enterprise-information/basic-information,,"美国站,加拿大站,英国站,德国站,墨西哥站,荷兰站,意大利站,法国站,西班牙站,比利时站,波兰站,瑞典站,土耳其站,澳大利亚站",37622ff636bf3142,"顶灯,照明和吊扇,壁灯,益智思维游戏,家居和厨房,照明和吊扇,拼图,户外照明灯,顶灯,拼图,节日灯饰,咖啡用品,台灯,台灯,玩具和游戏,照明,光源,台灯",高销量
江苏泰多盛高空工程有限公司,苏州市解放东路555号桐泾商务广场3幢611室,https://logistics.tungee.com/enterprise-details/577db324f7b210e6/enterprise-information/basic-information,,"美国站,加拿大站,英国站,德国站,墨西哥站,荷兰站,意大利站,巴西站,法国站,西班牙站,比利时站,波兰站,瑞典站,土耳其站",577db324f7b210e6,"女装,女装,男士,女婴,女装,女装,女童服装,女童服装,服装,女装,女童服装,男士,Mujer,运动户外服饰,Dzieci,配件,Beb ,Girls Apparel,体操服,女童服装,婴儿服饰及鞋靴,男童服装,Kids' Clothing,女装,女装,时尚,男童,男宝专区,男子,过家家,男童服装,男童服装,B b ,劳保用品,装扮与饰品,女装,男童服装,运动户外服饰,新奇服装,时尚,安防劳保与清洁,男士饰品,装扮服饰和配饰,Jeux d'imitation, d guisements et accessoires,S curit ,运动户外休闲,男宝专区,女士",高销量
温州海诚眼镜有限公司,浙江省温州海洋经济发展示范区昆鹏街道灵展路686号1幢,https://logistics.tungee.com/enterprise-details/37622fcbd30534b6/enterprise-information/basic-information,,"美国站,德国站,墨西哥站,荷兰站,意大利站,法国站,比利时站,波兰站,瑞典站,英国站,巴西站,西班牙站",37622fcbd30534b6,"运动,配件,配件,助行用品,家用电池,眼睛护理",高销量
深圳市凯优科技有限公司,深圳市龙华区民治街道上芬社区第五工业区一区79号308,https://logistics.tungee.com/enterprise-details/37623022edbf3559/enterprise-information/basic-information,,"美国站,英国站,德国站,荷兰站,意大利站,法国站,西班牙站,比利时站,波兰站,瑞典站",37623022edbf3559,"视频监控,监控设备,电源配件,监控设备,配件,安全和监控,摄影摄像,监控设备,建筑材料,视频,配件,电源配件,家用报警器,户外照明灯,影棚设备,劳保用品,配件,户外照明灯,防盗,试电笔,安全和监控,婴幼儿监护器,工业测量仪器,电子,电工,水下摄影器材,插座和配件,开关,电源配件,安全和监控,加热器和制冷器,配件,线性测量,汽车电子、电器,手动工具,住宅安保系统",高销量
佛山华梵贸易有限公司,佛山市南海区大沥镇黄岐海北建设大道南2至6号B区五楼C20室(住所申报),https://logistics.tungee.com/enterprise-details/37622fd6f2053639/enterprise-information/basic-information,18027374755,"美国站,英国站,德国站,墨西哥站,日本站,荷兰站,意大利站,法国站,西班牙站,比利时站,瑞典站,土耳其站,加拿大站,波兰站",37622fd6f2053639,"男士钟表,智能设备,男士",高销量
桐庐卓越进出口有限公司,桐庐县分水镇武盛村东关,https://logistics.tungee.com/enterprise-details/37622ffb5d7f33df/enterprise-information/basic-information,13968016281,"美国站,英国站,德国站,墨西哥站,荷兰站,意大利站,法国站,西班牙站,比利时站,波兰站,瑞典站",37622ffb5d7f33df,"书写工具,书写工具,演示板,书写工具,纸张,纸张,纸张,美术用具,日常办公用品",高销量
寿光市斯麦特经贸有限公司,山东省潍坊市寿光市洛城街道企业家总部群11号楼16层,https://logistics.tungee.com/enterprise-details/3762300e5e7f3562/enterprise-information/basic-information,,"美国站,英国站,德国站,墨西哥站,荷兰站,意大利站,法国站,西班牙站,比利时站,波兰站,瑞典站",3762300e5e7f3562,"客厅家具,办公家具,客厅家具,卧室家具,特色家具,餐厅家具,餐厅家具",高销量
深圳市沃菲德户外用品有限公司,深圳市宝安区航城街道鹤洲社区洲石路743号深业世纪工业中心B栋2001,https://logistics.tungee.com/enterprise-details/37622fc3cb853995/enterprise-information/basic-information,,"美国站,加拿大站,英国站,德国站,墨西哥站,日本站,荷兰站,意大利站,巴西站,法国站,西班牙站,新加坡站,比利时站,波兰站,瑞典站,土耳其站",37622fc3cb853995,"Boys' Athletic & Outdoor Clothing,男士饰品,男士,运动户外服饰,配件,自行车服,女装,运动,其他运动,轮滑、滑板、滑板车,运动,Ropa Específica Deportiva,摩托骑行护具,自行车服,男士,配件,彩弹,男装,摩托骑行护具,摩托骑行护具,摩托骑行护具,运动,配件,摩托车零件及配件,服装,Cycling,小型健身用品,摩托骑行护具,摩托骑行护具,其他团体运动,打猎和钓鱼,男装,运动与健身,体育专用服装,男装,男士,男宝专区,男士,男装,男装,骑行,轮滑、滑板、滑板车,男装,团队运动,Skates, Skateboards & Scooters,骑行,运动户外休闲,露营、徒步,冬季运动,运动户外休闲,配件,运动用品,女装,女装,男鞋,摩托骑行护具,汽车用品,女士,劳保用品,健身、训练,劳保用品,时尚,Motorbikes, Accessories & Parts,床上用品,时尚,女装,体育,Masculino,健康和家居用品,运动,摩托骑行护具,团队运动,铁人三项,Ropa Específica Deportiva,笔记本配件,排气系统,保健护具,健身、训练,摩托骑行护具,咖啡用品",高销量
深圳市汇虹达光电有限公司,深圳市龙岗区布吉街道茵悦之生花园三期11号楼A单元4E,https://logistics.tungee.com/enterprise-details/37622febe7053678/enterprise-information/basic-information,13077806543,"美国站,英国站,德国站,墨西哥站,荷兰站,意大利站,法国站,西班牙站,比利时站,波兰站,瑞典站,加拿大站,土耳其站",37622febe7053678,"光源,标签与指示牌,顶灯,点火系统及配件,纸艺,光源,汽车车灯,家居装修,房车及配件,光源,木偶、手偶,台灯,照明,灯泡,收纳篮、箱子、盒子",高销量
深圳市中视讯科技有限公司,深圳市龙岗区坂田街道坂田社区吉华路430号江灏(坂田)工业厂区6号厂房第4层,https://logistics.tungee.com/enterprise-details/376230209d3f3a82/enterprise-information/basic-information,13480924173,"美国站,加拿大站,英国站,荷兰站,意大利站,法国站,西班牙站,比利时站,波兰站,土耳其站,德国站,墨西哥站,瑞典站",376230209d3f3a82,"摄影摄像,配件,水下摄影器材,视频监控,存储,存储,安全防护,电脑组件,电子,控制电缆,Énergie solaire et  olienne,家居装修,安全和监控,电池、充电器,动力传输产品,打猎,手机和配件",高销量
徐州勾藤电子科技有限公司,徐州市云龙区世茂广场商业外街6、SOHO3、SOHO4号楼2-513,https://logistics.tungee.com/enterprise-details/376230061c3f3ada/enterprise-information/basic-information,13701457737,"美国站,英国站,德国站,墨西哥站,荷兰站,意大利站,西班牙站,比利时站,瑞典站,土耳其站,巴西站,法国站,波兰站",376230061c3f3ada,"制热、制冷设备和空气净化器,空气净化器,儿童洗澡用品,浴室用具配件,建筑材料,HVAC,制热、制冷设备和空气净化器,卫浴用品,HVAC,家居装修,男士,五金,穿衣镜,制热、制冷设备和空气净化器,试电笔,取暖器,水泵,浴室用具配件",高销量
深圳维客诺科技有限公司,深圳市宝安区航城街道鹤洲社区鹤洲中科诺工业园厂房B栋202,https://logistics.tungee.com/enterprise-details/37622fd9a9c530c4/enterprise-information/basic-information,13751143854,"美国站,加拿大站,英国站,德国站,日本站,意大利站,巴西站,法国站,西班牙站,墨西哥站,荷兰站,比利时站,波兰站,瑞典站",37622fd9a9c530c4,"手机和配件,计算机和平板电脑,木偶、手偶,美容水疗设备,笔记本配件,摄影摄像,手机配件,平板电脑配件",高销量
深圳市六脉科技有限公司,深圳市龙岗区宝龙街道龙东社区爱南路78号利好工业园E栋402,https://logistics.tungee.com/enterprise-details/37623012ac7f3015/enterprise-information/basic-information,,"美国站,加拿大站,英国站,墨西哥站,荷兰站,法国站,波兰站,瑞典站,德国站,意大利站,西班牙站,比利时站",37623012ac7f3015,"演示板,纸张,娃娃,拼图,拼图,益智思维游戏,日历台历与日程安排,耶稣诞生,日常办公用品,餐厨布艺,娃娃屋附件,拼图,绘画、DIY制作",中等销量
广州普曦达信息科技有限公司,广州市白云区机场东门街1号129,https://logistics.tungee.com/enterprise-details/577d71cee232169a/enterprise-information/basic-information,,"美国站,加拿大站,墨西哥站,日本站,巴西站",577d71cee232169a,"手工套装,可动人偶和雕像,其他运动,健身玩具、健身架,剪贴、压印,纸张,演示板,玩具和游戏,运动,高尔夫,运动与健身,学校用品,办公家具配件,遥控电动车,可动人偶和雕像,卡通人物玩具汽车,Sillas de Coche y Accesorios,咖啡用品,家居装饰,儿童安全座椅及配件,绘画,防晒,制作,外装配件,节日饰品,桌上用品,运动用品,厨房玩具,花瓶、装饰瓶、花艺,益智、科教玩具,手动工具,按摩工具和设备",高销量
惠州市博鑫立业科技有限公司,惠州市小金口镇金泉路小铁山子村(侨兴工业园)1号工业厂房,https://logistics.tungee.com/enterprise-details/37622fd491453ac1/enterprise-information/basic-information,,"美国站,加拿大站,墨西哥站,日本站,巴西站",37622fd491453ac1,"汽车电子、电器,配件,安全和监控,汽车电子、电器,GPS导航、配件,摄影摄像,电子元器件,维修工具,计算机及配件,Eletrônicos para Carros e Veículos",高销量
深圳市嘉易通电子有限公司,深圳市宝安区西乡街道南昌社区南昌华丰世纪科技园A1栋厂房501,https://logistics.tungee.com/enterprise-details/578e1725a9f3ee84/enterprise-information/basic-information,,"美国站,英国站,德国站,墨西哥站,荷兰站,意大利站,法国站,西班牙站,比利时站,波兰站,瑞典站,土耳其站",578e1725a9f3ee84,"汽车电子、电器,配件,安全和监控,电子,汽车电子、电器,运动,配件",中等销量
阳江市南方兄弟工贸有限公司,阳江市麻演工业区南方工业大道1-5号,https://logistics.tungee.com/enterprise-details/3762302d823f3791/enterprise-information/basic-information,,"美国站,加拿大站,墨西哥站,日本站,巴西站",3762302d823f3791,"厨用小工具,咖啡用品",高销量
深圳市裕泰德环保科技有限公司,深圳市坪山区坪山街道六联社区宝丰路3号第5栋101,https://logistics.tungee.com/enterprise-details/37622ff1d705386d/enterprise-information/basic-information,,"美国站,加拿大站,英国站,墨西哥站,意大利站,法国站,西班牙站,德国站,荷兰站,比利时站,波兰站,瑞典站",37622ff1d705386d,"咖啡用品,餐具,家居装饰,床上用品,厨房和餐厅,装饰字画,儿童床品,真空吸尘器零件和配件,床上用品,床上用品,床上用品,Lactancia y alimentación,节日饰品,抱枕靠垫,羽绒被罩和套装,枕头枕套",高销量
宝鸡市中瑞钛业有限责任公司,陕西省宝鸡市高新开发区高新大道59号华夏悦世界1座2002室,https://logistics.tungee.com/enterprise-details/37622ffafcbf32ec/enterprise-information/basic-information,,"美国站,加拿大站,英国站,德国站,墨西哥站,日本站,荷兰站,意大利站,巴西站,法国站,西班牙站,比利时站,波兰站,瑞典站,土耳其站",37622ffafcbf32ec,"邮箱及配件,运动,直线运动产品,螺丝钉,露营、徒步,骑行,金属与合金,乙烯基包装和配件,配件,排气系统,片和衬垫,五金,螺母,其他运动,零件,螺母,螺母,零件,轮胎,管件、管道和软管,内燃机及配件,排气系统管道及装置,手动工具,汽车零件,配件,配件,螺丝钉,咖啡用品,手动工具,配件,零件,Metals & Alloys,紧固件,刹车系统,餐具,垫圈,彩弹,小型健身用品,汽车用品,运动,汽车用品,配件,紧固件,汽车内饰,配件,动力传动系统,汽车零件,零件,塑料,汽车零件,手电筒,露营、徒步,攀岩,零件,金属与合金,紧固件,饰品配件,车轮,健身、训练,枕头和凳子,骑行,Sports & Outdoor Recreation Accessories,水暖,Outillage à main et  lectroportatif,点火系统及配件,建筑材料,制服、工作服和防护服,Equipo de Mezclas,餐厨布艺,厨房和餐厅,露营、徒步,动力传输产品,运动用品,螺栓,建筑材料,Motos, accesorios y piezas,汽车外饰,助行用品,运动用品,金属与合金,管件、管道和软管,厨房和餐厅,汽车零件,摩托车零件及配件,计算机及配件,汽车保养,餐具,轮胎、轮毂及配件",高销量
广州欧达渔具有限公司,广州市南沙区双山大道7号2010房,https://logistics.tungee.com/enterprise-details/577e501808f217d4/enterprise-information/basic-information,,"美国站,英国站,德国站,墨西哥站,荷兰站,意大利站,巴西站,法国站,西班牙站,比利时站,波兰站,瑞典站,土耳其站",577e501808f217d4,"其他运动,狩猎与垂钓,钓鱼,打猎和钓鱼,礼品卡,运动户外服饰",高销量
广州市厚得电子科技有限公司,广州市白云区永泰元下田丛云路815号D栋201房,https://logistics.tungee.com/enterprise-details/37622fc3d1453f5f/enterprise-information/basic-information,15920889965,"美国站,加拿大站,墨西哥站,日本站,巴西站",37622fc3d1453f5f,"维修工具,吸尘器和地板护理,车载应急电源、电池充电器和便携电源,蒸汽清洁器和蒸汽拖把配件,家用电池,汽车保养,家居、厨具、家装,维修工具,手机配件,外部护理,户外电动工具,蒸汽清洁器和蒸汽拖把配件,蒸汽清洁器和蒸汽拖把配件",高销量
福州联众盛贸易有限公司,福建省福州市仓山区金山街道浦上大道216号福州仓山万达广场C区C4号楼3层03办公,https://logistics.tungee.com/enterprise-details/3762300115bf3c31/enterprise-information/basic-information,15959134865,"美国站,英国站,德国站,荷兰站,法国站,西班牙站,比利时站,波兰站,加拿大站,墨西哥站,意大利站,巴西站,瑞典站,土耳其站",3762300115bf3c31,"男鞋,女鞋,男鞋,女鞋,女童鞋,女童鞋,男士饰品,男鞋,女童鞋,女士,女婴,男童鞋,女童鞋,女童鞋,女鞋,男子,制服、工作服和防护服,男童鞋,男童鞋,制服、工作服和防护服,女鞋,男童鞋,男士",高销量
宁波马斯特普家居用品有限公司,浙江省宁波市海曙区石碶街道雅渡村,https://logistics.tungee.com/enterprise-details/3a69478ad72b459d/enterprise-information/basic-information,,"美国站,加拿大站,英国站,德国站,墨西哥站,荷兰站,意大利站,巴西站,法国站,西班牙站,比利时站,波兰站,瑞典站,土耳其站",3a69478ad72b459d,"Cleaning Supplies,清洁工具,床及家具,家居和厨房,咖啡用品,厨用小工具,烟草类商品,清洁用品,Kitchen & Dining,吸尘器,收纳用品,清洁工具,手套和防护用具,地毯及室内装饰品清洁和配件,车轮,床及家具,厨房保鲜、收纳,清洁工具,真空吸尘器零件和配件,Caf , th  et expresso,清洁工具、清洁剂,Cooking & Dining,浴室用品,吸尘器和地板护理,厨用小工具,打扫用品,蒸汽清洁器和蒸汽拖把配件,浴室用具配件,玩具和游戏,餐厨布艺,炊具,厨房和餐厅,奶瓶用品,炊具,炊具,垃圾桶、回收和堆肥桶,清洁工具,清洁工具,节日饰品,节日装饰物收纳,Couteaux et ustensiles de cuisine,加热器及配件,室外伞和遮阳伞,外出用具,Caf  y t ,清洁工具,过家家,厨房和餐厅,吸尘器,窝及家具,田园工具及设备,家居、厨具、家装,厨房和餐厅,Piscines, bains à remous et accessoires,Repas de b b ,Piscines, bains à remous et accessoires,枕头和凳子,厨房和餐厅,Piscinas, bañeras de hidromasaje y suministros,Piscinas, bañeras de hidromasaje y suministros,Lactancia y alimentación,家居、厨具、家装,衣柜收纳,厨房保鲜、收纳,Small Appliance Parts & Accessories,厨用小工具,收纳用品,厨用小工具,商业清洁,厨房和餐厅,厨房和餐厅,猫砂及清洁用品,粘合剂、密封剂、填充物,清洁工具、清洁剂,Delta Faucet,室外伞和遮阳伞,Lactancia y Alimentación,Cocina",高销量
福建云海宠物用品工贸有限公司,福建省泉州市晋江市梅岭街道梅山社区桂泉路59号,https://logistics.tungee.com/enterprise-details/577e58740df21faf/enterprise-information/basic-information,,"美国站,加拿大站,英国站,德国站,荷兰站,意大利站,法国站,西班牙站,比利时站,瑞典站,墨西哥站,波兰站,土耳其站",577e58740df21faf,"牵引及项圈,牵引及项圈,牵引及项圈,服饰及配件,训练用品,狗狗,服饰及配件,狗狗,宠物用品,手机壳、套",高销量
河北力健医疗器械有限公司,衡水市冀州区北漳淮乡北内漳村,https://logistics.tungee.com/enterprise-details/37622fec4c453c94/enterprise-information/basic-information,,"美国站,加拿大站,英国站,德国站,墨西哥站,荷兰站,意大利站,法国站,西班牙站,阿联酋站,波兰站,瑞典站",37622fec4c453c94,"咖啡用品,床及家具,门厅家具,床及家具,门用五金,野餐篮、庭院桌和配件,儿童洗澡用品,节日装饰物收纳,客厅家具,猫,Ameublement et d coration,窗饰及配件,门厅家具,庭院桌,厨房保鲜、收纳,收纳用品,家具,露营、徒步,邮箱及配件,野餐篮、庭院桌和配件,力量训练器械,耶稣诞生,家用电池,手套和防护用具,力量训练器械,小型健身用品,挂钩、粘钩,家居装饰,家居装饰,助行用品,Malibu,无线电收发器,卫浴用品,收纳与整理,计算机及配件,力量训练器械,雕塑、雕像,配件,浴室五金,挂钩、粘钩,家居装饰,演示板,职业和物理疗法辅助用品,按摩工具和设备,卧室家具,节日饰品,客厅家具,扫描仪和配件,节日饰品,收纳与整理,浴室用品,庭院桌,厨房和餐厅,餐厨布艺,职业和物理疗法辅助用品,床及家具,空调,家居装饰,电工,纸张,家用电池,炊具,浇灌工具,保健护具,保健生活用品,箱包,厨用小工具,窝及家具,装饰品,助行用品,彩弹,音调门铃和叮咚门铃,家居和厨房,办公家具,小宠窝及窝用品,儿童房间装饰品,服饰及配件,露营、徒步,露营、徒步,男士饰品,Cocina,Bienestar y Relajación,邮箱及配件,家居装饰,面部护肤,餐具,办公家具,枕头枕套,体育,游戏和休闲室家具,饰品配件,力量训练器械,窝及家具,家居装饰,厨房用品,露营、徒步,汽车内饰,家居装饰,猫用品,相册、相框和配件,衣柜收纳,家居装饰,Recámara del Beb ,浴室用具配件,针线,手工套装,Kids' Clothing,庭院桌,室外家具罩,工具和配件,家居装饰,浴室五金,沐浴,烤炉配件,餐厨布艺,汽车用品,浴室用具配件,信封与邮寄用品,小宠窝及窝用品,家居、厨具、家装,照明,客厅家具,替换件和配件,浴室五金,浴室用具配件,水泵,效果信号处理器",中等销量
江苏兴洋光学科技有限公司,丹阳市司徒镇眼镜工业园万新路精通眼镜技术创新服务中心8号楼,https://logistics.tungee.com/enterprise-details/577e50d4d572177a/enterprise-information/basic-information,,"美国站,加拿大站,英国站,德国站,墨西哥站,日本站,荷兰站,意大利站,巴西站,法国站,西班牙站,比利时站,波兰站,瑞典站,土耳其站,澳大利亚站",577e50d4d572177a,"眼睛护理,配件,家用电池,助行用品,职业和物理疗法辅助用品,沐浴,配件,Okulary i szkła kontaktowe,眼镜配件及护理用品,Women's fashion Made in Italy,女士,家用治疗仪,劳保用品,水上运动,Optique et lentilles,时尚,摩托骑行护具,男士,运动",高销量
杭州诺沃进出口贸易有限公司,杭州市西湖区三墩镇西园路10号B317室,https://logistics.tungee.com/enterprise-details/3762300c357f386c/enterprise-information/basic-information,,"美国站,英国站,德国站,墨西哥站,荷兰站,意大利站,法国站,西班牙站,比利时站,波兰站,瑞典站,土耳其站",3762300c357f386c,"柜橱五金件,炊具,厨房和餐厅,邮箱及配件,架子托架和支架,床上用品,柜橱五金件,育儿室,育婴家具及寝居用品,儿童床品,儿童床品,门用五金,婴儿用品,儿童床品,配件,门用五金,婴儿寝具,壁纸和墙纸用品,手动工具,厨房和餐厅,床上用品,厨卫,特色家具,建筑材料,育婴家具及寝居用品,五金,浴室用具配件,卫浴用品,儿童房间装饰品,窗饰及配件,五金,Kids' room,浴室用具配件,儿童床品,窗上用品,毯子、盖毯,建筑材料,建筑材料,羽绒被罩和套装,儿童床品,挂钩、粘钩,工具配件,Dormitorio,门用五金,建筑材料,女装,吸尘器和地板护理,家具五金,收纳与整理,男士,床上用品,儿童房间装饰品,门五金件,露营、徒步,工具配件,节日装饰物收纳,工具和五金件,五金,女装,厚被和套装,Women's fashion Made in Italy,门用五金,女装,儿童洗澡用品,家居装饰,建筑材料,Chambre de b b ,柜橱五金件,轮,家居和厨房,五金,柜橱五金件,育儿室,建筑材料,焊接设备,手工测量工具,耳朵护理,绗缝被套装,手动工具,手动工具,锁具,浴室五金,商用门产品,家居和厨房,衣柜收纳,家居、厨具、家装,Malibu,柜橱五金件,收纳用品,工具配件,咖啡用品,猫,育婴房装饰,油漆涂料与墙纸,车库收纳,五金,收纳用品,男宝专区,壁灯",高销量
温州达利仕硅胶锁有限公司,浙江省温州市瓯海娄桥街道娄桥村娄桥工业园,https://logistics.tungee.com/enterprise-details/37622fbff6053172/enterprise-information/basic-information,,"美国站,加拿大站,英国站,德国站,墨西哥站,荷兰站,意大利站,法国站,西班牙站,比利时站,波兰站,瑞典站,土耳其站,阿联酋站",37622fbff6053172,"手动工具,焊接,焊接设备,办公设备,男装配饰,Malibu,工业胶粘剂、密封胶,厨房电器,家装工具,邮箱及配件,其他办公设备,咖啡用品,取暖炉、壁炉,信封与邮寄用品,牲畜用品,玻璃器皿、实验室器皿,Suministros de empaquetado y envío,包装标签和标记,电焊工具,手动工具,餐饮器具和餐具,纸艺,电动工具,五金,浴室五金,壁纸和墙纸用品,演示板,锁具,电工",高销量
广州芮新照明科技有限公司,广州市番禺区钟村街钟韦路49号306,https://logistics.tungee.com/enterprise-details/3762301613ff31c4/enterprise-information/basic-information,15002006621,"美国站,加拿大站,英国站,德国站,日本站,荷兰站,意大利站,法国站,西班牙站,阿联酋站,新加坡站,比利时站,波兰站,瑞典站,阿拉伯站,土耳其站",3762301613ff31c4,"点火系统及配件,光源,汽车车灯,灯泡,配件,照明总成和配件,汽车外饰,户外照明灯,零件,零件,露营、徒步,灯泡,电子元器件,照明和电气,光源,手动工具,房车电动工具,劳保用品,手电筒,Replacement Parts,制热、制冷设备和空气净化器,房车及配件,灯泡,厨房小器具和配件,汽车车灯,餐厨布艺,劳保用品,光源,灯泡,零件,大家电零配件,零件和配件,汽车零件,灯泡,缝纫机零配件,重音和越野照明,照明和吊扇,彩弹,户外照明灯,照明总成和配件,装扮与饰品,摩托车零件及配件,汽车零件,骑行,汽车车灯,零件,户外照明灯,吸尘器和地板护理,Lights, Bulbs & Indicators,灯泡,保健护具,重型商用车零件,劳保用品,RV Parts & Accessories,试电笔,蜡烛、烛台、烟灰缸,清洁用品,家用电池,骑行,布线和连接,照明和吊扇,摩托车零件及配件,配件,安全和监控,开关、继电器,配件,鞋靴配件,手电筒,骑行,灯泡,灯泡,消防器材",高销量
深圳市昊恩科技有限公司,深圳市宝安区西乡街道劳动社区西乡大道和宝源路交汇处中央大道C座7D,https://logistics.tungee.com/enterprise-details/37622ffadebf3efd/enterprise-information/basic-information,,"美国站,加拿大站,英国站,德国站,荷兰站,意大利站,法国站,西班牙站,比利时站,波兰站,瑞典站,土耳其站,墨西哥站",37622ffadebf3efd,"其他运动,户外照明灯,壁灯,手提包和钱包,男士饰品,照明和吊扇,彩弹,配件,Women's fashion Made in Italy,手提包和钱包,健身包,女士,健身包,手提包和钱包,手提包和钱包,双肩背包,露营、徒步,箱包,灯泡,手提包和钱包,皮具箱包,配件,照明和吊扇,手提包和钱包,手提包和钱包,运动,皮具箱包,房车电动工具,汽车车灯,跑步,配件,运动用品,零件,外设产品,Gym Bags,顶灯,点火系统及配件,照明和电气,皮具箱包,顶灯,照明总成和配件,箱包、背包和配件,保护壳、保护套,Luggage & Travel Gear,Gym Bags,保护壳、保护套,皮具箱包,水上运动,女装,皮具箱包,开关、继电器,摩托车零件及配件,晴雨伞,汽车零件,配件及用品,重音和越野照明,手提包和钱包,照明总成和配件,运动,排气系统,汽车外饰,标签与指示牌,Clothing, Shoes & Jewelry,计算机及配件,建筑材料,室外伞和遮阳伞,零件,皮具箱包,旅行箱包,演示板,手机配件,顶灯,笔记本配件,灯泡,女士,数据线和适配器,开关、继电器,外设产品,光源,计算机及配件,汽车零件,Sports & Outdoor Recreation Accessories,时尚,手机和配件",高销量
深圳市顺斌电子有限公司,深圳市福田区华强北街道福强社区振华路47号家乐大厦518-20号,https://logistics.tungee.com/enterprise-details/37622fc516853c44/enterprise-information/basic-information,,"美国站,英国站,德国站,荷兰站,意大利站,西班牙站,比利时站,波兰站,瑞典站,墨西哥站,法国站,土耳其站",37622fc516853c44,"电池及配件,车辆电子配件,太阳能和风力发电,弹簧,无源器件,太阳能和风力发电,轮滑、滑板、滑板车,骑行,太阳能和风力发电,控制电缆,动力传输产品,扫描仪和配件,试电笔,平板电脑替换件,电池,排气系统,运动,配件,零件,汽车零件,发动机冷却和气候控制",高销量
深圳市优诚皮具有限公司,深圳市龙岗区龙城街道盛平社区龙平西路4号志达工业园1A栋407,https://logistics.tungee.com/enterprise-details/3762301d08bf3bd9/enterprise-information/basic-information,13760487842,"美国站,英国站,德国站,墨西哥站,荷兰站,意大利站,法国站,西班牙站,比利时站,波兰站,瑞典站,土耳其站",3762301d08bf3bd9,"配件,电纸书及配件,摄影摄像,扫描仪和配件,女士,计算机及配件,摄影、摄像包,Electronique embarqu e,手机配件,餐厨布艺,替换件和配件,外设产品,计算机及配件,计算机及配件,摄影摄像,插槽车、轨道车及附件,水族用品,平板电脑配件,笔记本配件,配件,男士,笔记本配件,Rasatura, epilazione e rimozione peli,计算机及配件,手机配件,男士,家用电池,导航仪配件,Cortac spedes y herramientas el ctricas para exteriores,吸尘器和地板护理,摄影摄像,户外电动工具,电子,视频,吊床、支架和配件,节日饰品,耳机及配件,割草机,数码影音,割草机,Tıraş ve Epilasyon,泵及过滤设备,数据线和适配器,零配件、附件,吸尘器,耳机,水族用品,Rasage et  pilation,电话机及配件,包装标签和标记,零售展示架,空调,外设产品,电子产品,手动工具,Tondeuses et outillage de jardin motoris ,电视配件,相册、相框和配件,电池,汽车电子、电器,配件及用品,开关、继电器,计算机及配件,POS 设备,车辆电子配件,平板电脑配件,大家电零配件,发动机工具及设备,外出用具,麦克风,打火机和火柴,防虫用品,Diaper Bags,电话配件,灯泡,工具配件,工具配件,理发工具,计算机及配件,智能设备,Rasage et  pilation,Hygiène dentaire,配件及用品,耳机及配件,电池、充电器,电源配件,健康检测,拼插类玩具,视频,汽车内饰,高尔夫,电池、充电器,Towing & Transporting,其他办公设备,尿不湿处理桶及桶清洁用品,Nappy Changing,女士,电动工具,演示板,玩具和游戏,医疗器械,电纸书及配件,庭院、草坪和园艺,计算机及配件,木偶、手偶,配件,Mat riel et fournitures m dicales,Pianos et claviers,维修工具,键盘乐器配件,胶片摄影,配件,摄影、摄像包,洗碗机零配件,桌上用品,露营、徒步,安全和监控,Cambio de pañales,Malibu,计算机及配件,工艺用品,DJ、VJ设备,车辆,调音台及配件,麦克风配件,水下摄影器材,窗饰及配件",高销量
江门市睿特实业投资有限公司,江门市蓬江区建达南路6号12座首层部分厂房,https://logistics.tungee.com/enterprise-details/57a2d06fdcb343e3/enterprise-information/basic-information,13923073590,"美国站,日本站,巴西站,加拿大站,墨西哥站",57a2d06fdcb343e3,"咖啡用品,咖啡用品,Hair Care,厨用小工具,Caf , Chá e Expresso,发饰,身体护理,厨用小工具,衣柜收纳,厨房和餐厅,餐具,节日装饰物收纳,面部护理工具,餐具,Louça, Copos e Talheres,厨用小工具,Caf , Chá e Expresso,Utensílios e Acessórios,运动用品,Coffee & Espresso Machine Parts & Accessories,厨用小工具,收纳用品,餐具",中等销量
无锡赛诺星物资有限公司,无锡市梁溪区广益路313-5001,https://logistics.tungee.com/enterprise-details/3763276fb3a69b47/enterprise-information/basic-information,,"美国站,加拿大站,英国站,德国站,墨西哥站,荷兰站,意大利站,法国站,瑞典站,巴西站,西班牙站,比利时站,波兰站",3763276fb3a69b47,"照明和吊扇,商用照明,顶灯,车辆维修车间设备,金属与合金,轮胎,乙烯基包装和配件,房车电动工具,水泵,汽车外饰,光源,配件,重音和越野照明,舞台灯光,点火系统及配件,建筑材料,手套和防护用具,照明和吊扇,户外照明灯,工业与科研用品,家居和厨房",中等销量
广州新赛地地面材料有限公司,广州市荔湾区芳村大道中670号之一101铺,https://logistics.tungee.com/enterprise-details/3762300f783f3a41/enterprise-information/basic-information,,"美国站,加拿大站,墨西哥站,巴西站,阿联酋站,新加坡站,阿拉伯站",3762300f783f3a41,"运动,鲜花、绿植,户外饰品,劳保用品,户外电动工具,手动工具,其他运动,运动用品,高尔夫,家居装饰,手动园艺工具,手动工具,手动工具,手动工具,彩弹,运动,除雪工具,绗缝用品,花瓶、装饰瓶、花艺,手动工具,手套和防护用具,植物支撑架,户外电动工具,手动园艺工具,池塘、喷泉,运动迷用品,邮箱及配件,庭院、草坪和园艺,手动园艺工具,小型健身用品,田园工具及设备,手动园艺工具,手工套装",高销量
宁波宇兴灯饰进出口有限公司,宁波高新区扬帆路999弄4号<12-2>,https://logistics.tungee.com/enterprise-details/37622fffffbf3b62/enterprise-information/basic-information,,"美国站,英国站,墨西哥站,意大利站,法国站,西班牙站,波兰站,瑞典站,德国站,荷兰站,比利时站,土耳其站",37622fffffbf3b62,"卫浴用品,卫浴用品,家具,台灯,垃圾桶、回收和堆肥桶,游戏和休闲室家具,浴室用具配件,光源,狗房及笼子,户外电动工具,服饰及配件,办公家具,卫浴用品,卫浴用品,庭院套装,露营、徒步,家居装饰,室外伞和遮阳伞,其他运动,猫,椅子沙发,浴室家具,家居、厨具、家装,洗晒熨,浴室用具配件,配件,门厅家具,衣柜收纳,卧室家具,玩具套装和游乐器材,门厅家具,泳池及水上乐园,室外伞和遮阳伞",高销量
杭州回车电子科技有限公司,浙江省杭州市余杭区仓前街道良睦路1399号22号楼2260室,https://logistics.tungee.com/enterprise-details/37622feef6c53485/enterprise-information/basic-information,,"美国站,加拿大站,英国站,墨西哥站,意大利站,巴西站,法国站,西班牙站,德国站,荷兰站,比利时站,波兰站,瑞典站",37622feef6c53485,"健身电子配件,其他运动,耳机及配件,小型健身用品,外设产品,运动迷用品,电工,Électronique,职业和物理疗法辅助用品",中等销量
深圳市佳一佰科技有限公司,深圳市龙岗区龙城街道龙西社区陂头肚西路29号四楼东侧,https://logistics.tungee.com/enterprise-details/3762300954ff30fd/enterprise-information/basic-information,13760386460,"美国站,英国站,墨西哥站,荷兰站,意大利站,法国站,西班牙站,波兰站,瑞典站,德国站,比利时站",3762300954ff30fd,"女婴,节日饰品,发饰,厨房和餐厅,圣诞装饰品,发饰,演示板,男宝专区,咖啡用品,Dzieci,创意玩具,节日饰品,制作,儿童房间装饰品,Higiene y Cuidado,家用电池,剪贴、压印,毛绒布艺,传记,小型健身用品,日常办公用品,美发工具,运动与健身,制陶工艺,运动,手套和防护用具,日常办公用品,工艺用品,装饰品,配件,珠饰、首饰制作用品,发饰,装扮与饰品,孕妇装,Foot, Hand & Nail Care,装扮服饰和配饰,烘焙用品,其他运动,高尔夫,家居装饰,节日饰品,玩具,日历台历与日程安排,节日聚会用品,标签与指示牌",中等销量
宁波永德利展示器材有限公司,北仑区戚家山金鸡路122号,https://logistics.tungee.com/enterprise-details/37622fe614c53728/enterprise-information/basic-information,,"美国站,加拿大站,英国站,墨西哥站,巴西站,德国站,荷兰站,意大利站,法国站,西班牙站,比利时站,波兰站,瑞典站",37622fe614c53728,"演示板,邮箱及配件,五金,钉子,安防劳保与清洁,劳保用品,柜橱五金件,垫片和压铆螺母柱,绘画,家居装饰,工具和配件,零售展示架,镜子和放大镜,家居装饰,收纳用品,特色家具,照明,收纳和家庭整理,餐厨布艺,职业安全与防护,厨房和餐厅,店铺招牌和展示,钉子",高销量
武狄实业(上海)有限公司,上海市闵行区颛兴东路1280弄1-4号5幢11层1102室,https://logistics.tungee.com/enterprise-details/3762301d323f3448/enterprise-information/basic-information,13386129192,"美国站,英国站,德国站,日本站,荷兰站,意大利站,法国站,西班牙站,比利时站,波兰站,瑞典站,土耳其站,墨西哥站",3762301d323f3448,"家具,客厅家具,配件,游戏和休闲室家具,电脑游戏配件,办公家具,外设产品,电脑游戏配件,Fitness et musculation,Bien-être et massage,客厅家具,办公家具,配件,办公家具,椅子沙发,小型健身用品,手机配件,男童鞋,任天堂系统,电脑组件,配件,小型健身用品,木偶、手偶,外设产品,衣柜收纳,厨用小工具,PlayStation 5,职业和物理疗法辅助用品,泳池及水上乐园,客厅家具,底盒,童车、助步、轮滑",高销量
广州十环贸易有限公司,广州市白云区鹤龙街鹤龙东路18号2栋201房,https://logistics.tungee.com/enterprise-details/37622fcfcbc5303e/enterprise-information/basic-information,13822258399,"美国站,加拿大站,英国站,德国站,墨西哥站,日本站,荷兰站,意大利站,巴西站,法国站,西班牙站,比利时站,波兰站,瑞典站,土耳其站",37622fcfcbc5303e,"配件,Women's fashion Made in Italy,健身包,男士饰品,配件,女士,皮具箱包,皮具箱包,皮具箱包,钟表配件,男士,桌上用品,演示板,皮具箱包,计算机及配件,日常办公用品,笔记本配件,饰品配件,桌上用品,外设产品,配件,配件,烟草类商品,计算机及配件,钟表配件,桌上用品,旅行配件,男宝专区,男子,配件,摄影摄像,箱包,烟草类商品,彩弹,双肩背包,手提包和钱包,皮具箱包,配件,节日装饰物收纳,酒类配件,戒烟,手机配件,烟草类商品,旅行配件,沐浴,女士,手提包和钱包,配件,时尚,手机和配件,配件及用品,日常办公用品,手提包和钱包,手提包和钱包,摄影摄像,汽车内饰,试电笔,咖啡用品,收纳篮、箱子、盒子,保护壳、保护套,露营、徒步,商务公文包及电脑包,汽车内饰,衣柜收纳,家居和厨房,日用清洁,蜡烛、烛台、烟灰缸,手机壳、套,收纳用品,保护壳、保护套,男士钟表,Amazon Fashion Deals,时尚,桌上用品,时尚,跑步,男包,运动,手提包和钱包,摄影、摄像包,男包,配件,制热、制冷设备和空气净化器,厨房和餐厅,计算机及配件,Luggage & Travel Gear,家居装饰,露营、徒步,外设产品,餐厨布艺,家居装饰,计算机及配件,手提包和钱包,手提包和钱包,电子,节日饰品,男士饰品,书写工具,日历台历与日程安排,皮具箱包,打猎和钓鱼,女士,男士,皮具箱包,厨房保鲜、收纳,收纳篮、箱子、盒子,箱包",高销量
重庆兴鹰科技发展有限公司,重庆市南岸区玉马路8号科技创业中心融英楼6楼36号,https://logistics.tungee.com/enterprise-details/3762301add3f3604/enterprise-information/basic-information,18696725118,"美国站,墨西哥站,日本站,意大利站,法国站,西班牙站,英国站,德国站",3762301add3f3604,"家居和厨房,家居装饰,演示板,音乐玩具,阅读和写作,节日装饰物收纳,空调,咖啡用品,厨用小工具,饰品配件,光源,厨用小工具,Juguetes Educativos,演示板,照明,益智、科教玩具,学校用品,餐厨布艺,其他运动,沐浴,日历台历与日程安排,壁灯,日历台历与日程安排,家居和厨房,育儿室,家居、厨具、家装,可动人偶和雕像,绘画、DIY制作,玩具和游戏,Juguetes y Juegos,纸张,玩具和游戏,木偶、手偶,运动,演示板,节日饰品,日常办公用品,日常办公用品,足部护理,运动休闲与游戏装备,邮箱及配件,舞台灯光,Chambre de b b ,Petites fournitures",中等销量
杭州荧霏家居有限公司,浙江省杭州市余杭区闲林街道工业园区闲兴路32号2幢4层417室,https://logistics.tungee.com/enterprise-details/578d0344db33e418/enterprise-information/basic-information,,"美国站,英国站,德国站,墨西哥站,荷兰站,意大利站,巴西站,法国站,西班牙站,比利时站,波兰站,瑞典站,土耳其站",578d0344db33e418,"餐厨布艺,厨房和餐厅,餐厨布艺,Kitchen Linen,装饰品,床上用品,节日聚会用品,餐厨布艺,传记,餐厨布艺,制作,家用电池,餐厨布艺,家居装饰,派对餐具,装饰品",高销量
深圳市魔块智能有限公司,深圳市南山区西丽街道曙光社区沙河西路3011号白沙物流公司仓库之二302,https://logistics.tungee.com/enterprise-details/37622ff10ec53428/enterprise-information/basic-information,13910621746,"美国站,加拿大站,墨西哥站,巴西站,英国站,德国站,意大利站,法国站,西班牙站",37622ff10ec53428,"厨房电器,饰品配件,床上用品,真空吸尘器零件和配件,烘焙用品,家居和厨房,厨房电器,厨房小器具和配件,清洁工具,枕头枕芯,家居、厨具、家装,宠物装备,厨房电器",中等销量
深圳市腾航达科技有限公司,深圳市龙岗区坂田街道杨美旺唐10巷15号419,https://logistics.tungee.com/enterprise-details/3873ab3001eab428/enterprise-information/basic-information,,"美国站,加拿大站,英国站,德国站,荷兰站,意大利站,巴西站,法国站,西班牙站,比利时站,波兰站,瑞典站,土耳其站,墨西哥站",3873ab3001eab428,"男装,女装,男士,男童服装,男士,Kids Jackets and Coats,男装,女装,男装,男士饰品,男装,女装,男宝专区,体操服,Swimwear TEST,Girls Apparel,Clothing,男装,Women's fashion Made in Italy,女装,Niña,时尚,女装,女童服装,户外照明灯,防盗,餐厨布艺,运动户外服饰,户外电动工具,建筑材料,地毯、地垫和保护剂,其他运动,女装,时尚,服装",高销量
添康智能家居科技(上海)有限公司,上海漕河泾开发区松江高科技园莘砖公路668号202室-81,https://logistics.tungee.com/enterprise-details/3762300bda7f33a2/enterprise-information/basic-information,,"美国站,英国站,德国站,墨西哥站,荷兰站,意大利站,法国站,西班牙站,比利时站,波兰站,瑞典站,土耳其站",3762300bda7f33a2,"客厅家具,更换部件,客厅家具,工作台、操作台,办公家具,卧室家具,邮箱及配件,钉子,正畸用品,更换部件,配件,客厅家具,五金,桌上用品,电工,电气测试,办公家具,枕头枕套,更换部件,柜子和架子,轴承,移动式插座和浪涌保护器,医疗器械,内燃机及配件,无源器件,摩托车零件及配件,职业和物理疗法辅助用品",高销量
深圳市邦烹科技有限公司,深圳市龙岗区龙岗街道南联社区植物园路201号402,https://logistics.tungee.com/enterprise-details/57a214f676334f0e/enterprise-information/basic-information,,"美国站,英国站,德国站,墨西哥站,荷兰站,意大利站,法国站,西班牙站,比利时站,波兰站,瑞典站,土耳其站",57a214f676334f0e,"咖啡用品,厨用小工具,喂食及饮水用具,厨用小工具,收纳用品,厨房和餐厅,厨房保鲜、收纳,烘焙用品,烘焙用品,喂食及饮水用具,厨房和餐厅,肥皂制品,烘焙用品,狗狗,制作,玩具,制作,床及家具,烘焙用品,Chiens,狗用品,厨房和餐厅,烘焙用品,梳理美容用具,炊具,烘焙用品,喂食及饮水用具,蜡烛制作,服饰及配件,狗用品,儿童洗澡用品,喂食、喂水器",高销量
杭州好牛海商跨境电子商务有限公司,浙江省杭州市西湖区文二西路820号3幢1117室,https://logistics.tungee.com/enterprise-details/37622fff5bff3d23/enterprise-information/basic-information,,"美国站,加拿大站,英国站,德国站,墨西哥站,日本站,荷兰站,意大利站,巴西站,法国站,西班牙站,比利时站,波兰站,瑞典站,土耳其站",37622fff5bff3d23,"真空吸尘器零件和配件,沙发垫、沙发罩,羽绒被罩和套装,Decoración del hogar,床上用品,家具,床上用品,家居装饰,枕头枕套,厨房和餐厅,床上用品,床上用品,咖啡用品,沙发垫、沙发罩,床上用品,枕头枕套,力量训练器械,儿童洗澡用品,抱枕靠垫,浴室用具配件,家居装饰,餐厨布艺,床上用品,枕头枕套,Bedding,枕头枕套,普拉提,小型健身用品,其他运动,餐厨布艺,家居装饰,沙发垫、沙发罩,装饰字画,家居和厨房,羽绒被罩和套装,男士,装饰字画,Kitchen Linen,室外家具罩",高销量
青岛美和制衣有限公司,青岛即墨市龙泉镇石门村,https://logistics.tungee.com/enterprise-details/37622ff05dc53ffa/enterprise-information/basic-information,,"美国站,加拿大站,英国站,德国站,墨西哥站,荷兰站,意大利站,法国站,西班牙站,比利时站,波兰站,瑞典站,土耳其站",37622ff05dc53ffa,"羽绒被罩和套装,枕头枕套,床上用品,床上用品,窗上用品,枕头枕套,床上用品,窗饰及配件,羽绒被罩和套装,儿童床品,家具,枕头枕套,餐厨布艺,厨房和餐厅,浴室用具配件,抱枕靠垫,Bedding,床上用品,床上用品,枕头枕套,餐厨布艺,餐厨布艺",高销量
威海市陌秀假发科技有限责任公司,威海市环翠区东城路-86号-A1718,https://logistics.tungee.com/enterprise-details/577e68e603321476/enterprise-information/basic-information,,"美国站,加拿大站,英国站,德国站,墨西哥站,荷兰站,意大利站,巴西站,法国站,西班牙站,比利时站,波兰站,瑞典站",577e68e603321476,"发饰,假发,美发护发,美发护发,美发护发,假发",高销量
广州市柏越数码科技有限公司,广州市荔湾区黄沙大道粤南大街26-29号2008-2009房(仅限办公用途),https://logistics.tungee.com/enterprise-details/3762301e027f395f/enterprise-information/basic-information,,"美国站,英国站,德国站,墨西哥站,日本站,荷兰站,意大利站,法国站,西班牙站,比利时站,波兰站,瑞典站,土耳其站",3762301e027f395f,"平板电脑配件,计算机及配件,配件,计算机及配件,手机配件,电纸书及配件,保护壳、保护套,电子,手机配件,摄影摄像,保护壳、保护套,彩弹,男士,外设产品,保护壳、保护套,摄影摄像,配件,小型健身用品,计算机及配件,汽车内饰,保护壳、保护套",高销量
广州仟楠贸易有限公司,广州市白云区黄边南路213号广永A栋404房,https://logistics.tungee.com/enterprise-details/37623007587f3ad2/enterprise-information/basic-information,18924048441,"美国站,英国站,德国站,荷兰站,意大利站,法国站,西班牙站,比利时站,波兰站,瑞典站,土耳其站,墨西哥站",37623007587f3ad2,"男士,男士,男装,男士饰品,配件,配件,女装,男装,女装,配件,跑步服,配件,Boys' Athletic & Outdoor Clothing,配件,高尔夫球服,女装,Women's fashion Made in Italy,手动工具,户外休闲,其他运动,运动户外服饰,Mujer,Clothing,骑行,时尚,户外休闲,女士,床上用品,时尚,男宝专区",高销量
浙江亚马兽信息科技有限公司,浙江省杭州市余杭区仓前街道欧美金融城4幢2206室,https://logistics.tungee.com/enterprise-details/577e082237b21e14/enterprise-information/basic-information,,"美国站,德国站,意大利站,法国站,西班牙站,英国站,墨西哥站,荷兰站,巴西站,比利时站,波兰站,瑞典站,土耳其站",577e082237b21e14,"椅子沙发,办公家具,家具,办公家具,游戏和休闲室家具",高销量
河南时兴国际贸易有限公司,河南省郑州市惠济区迎宾路街道新城路24号碧源月湖2号楼14层1403,https://logistics.tungee.com/enterprise-details/3b1e282b77aaf1f7/enterprise-information/basic-information,,"美国站,英国站,德国站,墨西哥站,荷兰站,意大利站,法国站,西班牙站,巴西站",3b1e282b77aaf1f7,"配件,邮箱及配件,女装,双肩背包,假发,美发护发,窝及家具,手动工具,粘合剂、密封剂、填充物,假发,窝及家具,咖啡用品,喂食、喂水用具,配件,清洁用品,女装,服饰及配件,男士饰品,衣柜收纳,小型健身用品,户外照明灯,化妆工具,润滑油,玩具,吸尘器,手动工具,女鞋,女童服装,香水,家居和厨房,旅行箱包,男装,服饰及配件,男士,Foot, Hand & Nail Care,面部防晒,洗晒熨,宠物装备,防晒,双肩背包,车轮,化妆工具,Cleaning Supplies,面部,男士,水暖,电动工具,外设产品,零件,儿童房间装饰品,演示板,女士,试电笔,户外照明灯,唇部,壁纸和墙纸用品,工具配件,身体护理,燃油系统工具及设备,Perros,Productos para aficionados,点火系统及配件,面部护肤,门用五金,户外饰品,Herramientas Manuales y El ctricas,身体,摩托车零件及配件,手动工具,手动工具,美甲工具,发饰,厨用小工具,烟草类商品,抱枕靠垫,其他运动,替换件和配件,轮胎,房车电动工具,皮具箱包,工业胶粘剂、密封胶,轮胎、轮毂工具,烤炉配件,唇部,美发护发,箱包、背包和配件,真空吸尘器零件和配件,汽车内饰,户外饰品,Girls Apparel,Kids' Clothing,照明总成和配件,厨用小工具,餐厨布艺,男士,汽车用品,家装工具,Ropa específica deportiva,家居、厨具、家装,猫,发动机工具及设备,手动工具,手套和防护用具,户外电动工具,手提包和钱包,运动,男鞋,装饰字画,配件,汽车保养,汽车车灯,演示板,沐浴,皮具箱包,烘焙用品,摩托骑行护具,Cura della pelle,Luggage,油漆涂料与墙纸,Hair Care,剃须和脱毛,面部,男装,女童,Tondeuses et outillage de jardin motoris ,外设产品,Pièces d tach es auto,手动工具,面部护理工具,Malibu,Chiens,Quincaillerie,内部清洁,水泵,油品,Boys' Athletic & Outdoor Clothing,厨房和餐厅,内部清洁,空调,节日装饰物收纳,照明和电气,Skin Care,男士,箱包,转向及悬挂系统工具",中等销量
广州秋畅贸易有限公司,广州市天河区中山大道中243号B235房(仅限办公),https://logistics.tungee.com/enterprise-details/37623007f5ff36e9/enterprise-information/basic-information,,"美国站,英国站,德国站,墨西哥站,法国站,荷兰站,意大利站,西班牙站,比利时站,波兰站,瑞典站",37623007f5ff36e9,"女装,女性健康,箱包,男士,女装,女装,男装",中等销量
黄石市富盛贸易有限公司,黄石市下陆区杭州西路206号华迅大厦20层,https://logistics.tungee.com/enterprise-details/37622febd105310d/enterprise-information/basic-information,,"美国站,加拿大站,英国站,德国站,墨西哥站,荷兰站,巴西站,西班牙站,比利时站,波兰站,瑞典站,土耳其站,意大利站,法国站",37622febd105310d,"咖啡用品,厨用小工具,收纳用品,厨房保鲜、收纳,厨用小工具,厨用小工具,厨房保鲜、收纳,厨用小工具,厨房和餐厅,女士卫生护理,烘焙用品,厨用小工具,Organização,节日装饰物收纳,手动工具,Kitchen & Dining,厨房保鲜、收纳,餐具,厨房和餐厅,厨用小工具,厨房和餐厅,炊具,厨房和餐厅,收纳篮、箱子、盒子,户外照明灯,厨房和餐厅",高销量
成都恒远鸿达贸易有限公司,成都市武侯区洗面桥街35号1栋12楼1206号,https://logistics.tungee.com/enterprise-details/37623020e9bf3046/enterprise-information/basic-information,,"美国站,英国站,墨西哥站,西班牙站,比利时站,波兰站,瑞典站,德国站,荷兰站,意大利站,法国站,土耳其站",37623020e9bf3046,"男士饰品,女鞋,女鞋,女鞋,女鞋,女鞋,女士,女鞋,女婴,女鞋,女鞋,男子,箱包",高销量
青岛天一力国际贸易有限公司,青岛市市南区宁夏路241号5栋2单元202户,https://logistics.tungee.com/enterprise-details/376230017b7f39d8/enterprise-information/basic-information,,"美国站,英国站,德国站,比利时站,波兰站,瑞典站,加拿大站,墨西哥站,荷兰站,意大利站,巴西站,法国站,西班牙站,土耳其站",376230017b7f39d8,"电气测试,玻璃器皿、实验室器皿,试电笔,扫描仪和测试仪,实验室过滤器,温湿度計,工业测量仪器,尺寸测量,试电笔,咖啡用品,厨用小工具,物质分析仪器,实验室用品、耗材,尺寸测量,工业测量仪器,劳保用品,加热器及配件,净水设备,温湿度计,工业测量仪器,田园工具及设备,运动、速度、力,物质分析仪器,实验室仪器、设备,气流、空气质量,绘画,手套和防护用具,电动工具,其他运动,假牙护理,家用电池,厨用小工具,除雪工具,物质分析仪器,加湿器零配件,配件,户外饰品,冰箱零配件,玻璃器皿、实验室器皿,运动用品,激光测量设备及配件,净水设备,实验室及科研用品,工业测量仪器,水族用品,手工测量工具,温湿度計,物质分析仪器,切割工具,温湿度計,液压、气动和水管,尺寸测量,浇灌工具,物质分析仪器,实验室过滤器,玻璃器皿、实验室器皿,隐形眼镜配件,电子产品,配件,摄影摄像,手动工具,泳池及配件,实验室用品、耗材,电气测试,油漆涂料与墙纸,安防劳保与清洁,大家电零配件,泵及过滤设备,家居装饰,手动工具,厨房和餐厅,壁纸和墙纸用品,劳保用品,发动机工具及设备,家居、厨具、家装,直线运动产品,电工,配件,饰品配件,温湿度计,烘焙,制热、制冷设备和空气净化器,温湿度計,家庭影院,物质分析仪器,温湿度計,家用报警器,油品,车身及翼子板维修工具,表面、硬度测试,团队运动,实验室及科研用品,手动工具,电池,影棚设备,物质分析仪器,实验室仪器、设备,物质分析仪器,酿酒用具",高销量
武汉云尼科技有限公司,武汉市东湖新技术开发区光谷大道58号关南福星医药园三期1栋26层06室,https://logistics.tungee.com/enterprise-details/38806ce9752abd28/enterprise-information/basic-information,,"美国站,加拿大站,英国站,德国站,日本站,荷兰站,意大利站,法国站,西班牙站,比利时站,波兰站,瑞典站,墨西哥站,土耳其站",38806ce9752abd28,"女装,新奇灯饰,女装,男士,男士,按摩工具和设备,女装,户外照明灯,女装,壁灯,保健生活用品,Mujer,Bien-être et massage,女装,壁灯,台灯,配件,玩具,Lighting & Ceiling Fans,女装,尿不湿处理桶及桶清洁用品,育儿室,女装,厨房和餐厅,Skin Care,装扮与饰品,厨房和餐厅,真空吸尘器零件和配件,浴室用具配件,女装,派对餐具,男宝专区,Women's fashion Made in Italy,配件,女装,收纳用品,男士,男士,Chambre de b b ,家居装饰,Luminaires ext rieur,Change de b b ,浴室用品,卫浴用品,猫用品,Clothing,餐厨布艺,烤炉配件,男士饰品,泵及过滤设备,体操服,制热、制冷设备和空气净化器,男宝专区,户外照明灯,餐厨布艺,女童,女装,Cambio de pañales,Dormitorio,厨用小工具,男装,温湿度計,珠饰、首饰制作用品,配件,餐厨布艺,女装,玩具,妈咪包,按摩工具和设备",高销量
漳州迈拓斯电子科技有限公司,福建省漳州市龙文区蓝田开发区福岐北路26号,https://logistics.tungee.com/enterprise-details/3a699f200a2b4d55/enterprise-information/basic-information,,"美国站,英国站,德国站,墨西哥站,荷兰站,西班牙站,波兰站,瑞典站",3a699f200a2b4d55,"视频监控,电脑组件,配件,配件,电视配件,摄影摄像,电视配件,麦克风配件,电视配件,摄影摄像,汽车电子、电器,摄影摄像,电视音响,计算机及配件,电视音响",中等销量
